Attempt,Date,#,Article Title,Sentiment,Confidence,Score,Symbol,Company Name
1,2025-06-28,1,Rare event could derail S&P 500 record-setting ral...,POSITIVE,90.82%,0.68,,
1,2025-06-28,2,"Affirm, Shopmonkey Partner to Revolutionize Auto R...",POSITIVE,99.90%,0.996,,
1,2025-06-28,3,"CrowdStrike Leads Cloud Security Market, Recognize...",POSITIVE,99.43%,0.978,,
2,2025-06-28,1,Jefferies Ups Cheniere (LNG) Price Target Amid Exp...,NEGATIVE,96.01%,-0.85,,
2,2025-06-28,2,Rare event could derail S&P 500 record-setting ral...,POSITIVE,90.82%,0.68,,
2,2025-06-28,3,"Affirm, Shopmonkey Partner to Revolutionize Auto R...",POSITIVE,99.90%,0.996,,
3,2025-06-28,1,Rare event could derail S&P 500 record-setting ral...,POSITIVE,90.82%,0.68,,
3,2025-06-28,2,"Affirm, Shopmonkey Partner to Revolutionize Auto R...",POSITIVE,99.90%,0.996,,
3,2025-06-28,3,"CrowdStrike Leads Cloud Security Market, Recognize...",POSITIVE,99.43%,0.978,,
3,2025-06-28,4,Morningstar | A Weekly Summary of Stock Ideas and ...,POSITIVE,81.82%,0.448,,
3,2025-06-28,5,Panasonic Adopts CyberArk for Enhanced Identity Se...,POSITIVE,54.66%,0.089,,
3,2025-06-28,6,10 Best Money Lessons Shared by Jeff Bezos,POSITIVE,99.64%,0.986,,
3,2025-06-28,7,"Toast Commits $5M to Combat Food Insecurity, Partn...",NEGATIVE,99.59%,-0.984,,
3,2025-06-28,8,Global Payments Unveils Genius for Retail POS Solu...,POSITIVE,99.81%,0.993,,
4,2025-06-28,2,"Affirm, Shopmonkey Partner to Revolutionize Auto R...",POSITIVE,99.90%,0.997,,
4,2025-06-28,8,Global Payments Unveils Genius for Retail POS Solu...,POSITIVE,99.81%,0.994,,
4,2025-06-28,3,"CrowdStrike Leads Cloud Security Market, Recognize...",POSITIVE,99.43%,0.983,,
4,2025-06-28,1,Tipalti’s Darren Upson on the strategic use of AI-...,POSITIVE,99.38%,0.982,,
4,2025-06-28,5,Rare event could derail S&P 500 record-setting ral...,POSITIVE,90.82%,0.749,,
4,2025-06-28,4,Morningstar | A Weekly Summary of Stock Ideas and ...,POSITIVE,81.82%,0.548,,
4,2025-06-28,6,Panasonic Adopts CyberArk for Enhanced Identity Se...,POSITIVE,54.66%,0.163,,
4,2025-06-28,7,"Toast Commits $5M to Combat Food Insecurity, Partn...",NEGATIVE,99.59%,-0.988,,
5,2025-06-28,1,Tipalti’s Darren Upson on the strategic use of AI-...,POSITIVE,99.38%,0.982,,
5,2025-06-28,2,UBS Affirms ‘Buy’ Rating on Kinder Morgan (KMI) am...,POSITIVE,87.58%,0.672,,
5,2025-06-28,3,"CrowdStrike Leads Cloud Security Market, Recognize...",POSITIVE,99.43%,0.983,,
5,2025-06-28,4,Morningstar | A Weekly Summary of Stock Ideas and ...,POSITIVE,81.82%,0.548,,
5,2025-06-28,5,Rare event could derail S&P 500 record-setting ral...,POSITIVE,90.82%,0.749,,
5,2025-06-28,6,Panasonic Adopts CyberArk for Enhanced Identity Se...,POSITIVE,54.66%,0.163,,
5,2025-06-28,7,"Toast Commits $5M to Combat Food Insecurity, Partn...",NEGATIVE,99.59%,-0.988,,
5,2025-06-28,8,Global Payments Unveils Genius for Retail POS Solu...,POSITIVE,99.81%,0.994,,
6,2025-06-28,1,"Affirm, Shopmonkey Partner to Revolutionize Auto R...",POSITIVE,99.90%,0.997,,
6,2025-06-28,2,"CrowdStrike Leads Cloud Security Market, Recognize...",POSITIVE,99.43%,0.983,,
6,2025-06-28,3,Morningstar | A Weekly Summary of Stock Ideas and ...,POSITIVE,81.82%,0.548,,
6,2025-06-28,4,Rare event could derail S&P 500 record-setting ral...,POSITIVE,90.82%,0.749,,
6,2025-06-28,5,Panasonic Adopts CyberArk for Enhanced Identity Se...,POSITIVE,54.66%,0.163,,
6,2025-06-28,6,"Toast Commits $5M to Combat Food Insecurity, Partn...",NEGATIVE,99.59%,-0.988,,
6,2025-06-28,7,Global Payments Unveils Genius for Retail POS Solu...,POSITIVE,99.81%,0.994,,
6,2025-06-28,8,Cloudflare Named TIME100 Most Influential Company ...,POSITIVE,99.54%,0.986,,
7,2025-06-28,1,Tipalti’s Darren Upson on the strategic use of AI-...,POSITIVE,99.38%,0.982,,
7,2025-06-28,2,"Affirm, Shopmonkey Partner to Revolutionize Auto R...",POSITIVE,99.90%,0.997,,
7,2025-06-28,3,"CrowdStrike Leads Cloud Security Market, Recognize...",POSITIVE,99.43%,0.983,,
7,2025-06-28,4,Morningstar | A Weekly Summary of Stock Ideas and ...,POSITIVE,81.82%,0.548,,
7,2025-06-28,5,Rare event could derail S&P 500 record-setting ral...,POSITIVE,90.82%,0.749,,
7,2025-06-28,6,Panasonic Adopts CyberArk for Enhanced Identity Se...,POSITIVE,54.66%,0.163,,
7,2025-06-28,7,"Toast Commits $5M to Combat Food Insecurity, Partn...",NEGATIVE,99.59%,-0.988,,
7,2025-06-28,8,Global Payments Unveils Genius for Retail POS Solu...,POSITIVE,99.81%,0.994,,
8,2025-06-28,1,Cloudflare Named TIME100 Most Influential Company ...,POSITIVE,99.54%,0.986,,
8,2025-06-28,2,"Affirm, Shopmonkey Partner to Revolutionize Auto R...",POSITIVE,99.90%,0.997,,
8,2025-06-28,3,Panasonic Adopts CyberArk for Enhanced Identity Se...,POSITIVE,54.66%,0.163,,
8,2025-06-28,4,Morningstar | A Weekly Summary of Stock Ideas and ...,POSITIVE,81.82%,0.548,,
8,2025-06-28,5,Rare event could derail S&P 500 record-setting ral...,POSITIVE,90.82%,0.749,,
8,2025-06-28,6,"CrowdStrike Leads Cloud Security Market, Recognize...",POSITIVE,99.43%,0.983,,
8,2025-06-28,7,"Toast Commits $5M to Combat Food Insecurity, Partn...",NEGATIVE,99.59%,-0.988,,
8,2025-06-28,8,Global Payments Unveils Genius for Retail POS Solu...,POSITIVE,99.81%,0.994,,
9,2025-06-28,1,Tipalti’s Darren Upson on the strategic use of AI-...,,,,,
9,2025-06-28,2,"Affirm, Shopmonkey Partner to Revolutionize Auto R...",,,,,
9,2025-06-28,3,"CrowdStrike Leads Cloud Security Market, Recognize...",,,,,
9,2025-06-28,4,Morningstar | A Weekly Summary of Stock Ideas and ...,,,,,
9,2025-06-28,5,Does Warren Buffett Know Something Wall Street Doe...,NEGATIVE,99.53%,-0.986,T,AT&T
9,2025-06-28,6,Panasonic Adopts CyberArk for Enhanced Identity Se...,,,,,
9,2025-06-28,7,"Toast Commits $5M to Combat Food Insecurity, Partn...",,,,,
9,2025-06-28,8,Global Payments Unveils Genius for Retail POS Solu...,,,,,
10,2025-06-28,1,Tipalti’s Darren Upson on the strategic use of AI-...,POSITIVE,99.38%,0.982,,
10,2025-06-28,2,"Affirm, Shopmonkey Partner to Revolutionize Auto R...",POSITIVE,99.90%,0.997,,
10,2025-06-28,3,"CrowdStrike Leads Cloud Security Market, Recognize...",POSITIVE,99.43%,0.983,,
10,2025-06-28,4,Morningstar | A Weekly Summary of Stock Ideas and ...,POSITIVE,81.82%,0.548,,
10,2025-06-28,5,Does Warren Buffett Know Something Wall Street Doe...,NEGATIVE,99.53%,-0.986,T,AT&T
10,2025-06-28,6,Panasonic Adopts CyberArk for Enhanced Identity Se...,POSITIVE,54.66%,0.163,,
10,2025-06-28,7,"Toast Commits $5M to Combat Food Insecurity, Partn...",NEGATIVE,99.59%,-0.988,,
10,2025-06-28,8,Global Payments Unveils Genius for Retail POS Solu...,POSITIVE,99.81%,0.994,,
11,2025-06-28,1,Better Dividend Stock: Kinder Morgan vs. Enterpris...,NEGATIVE,98.86%,-0.966,,
11,2025-06-28,2,"Affirm, Shopmonkey Partner to Revolutionize Auto R...",POSITIVE,99.90%,0.997,,
11,2025-06-28,3,"CrowdStrike Leads Cloud Security Market, Recognize...",POSITIVE,99.43%,0.983,,
11,2025-06-28,4,Should You Buy Nu Holdings While It's Still Below ...,NEGATIVE,99.90%,-0.997,,
11,2025-06-28,5,Halliburton (HAL) Partners with Petronas to Advanc...,POSITIVE,99.64%,0.989,,
11,2025-06-28,6,"Toast Commits $5M to Combat Food Insecurity, Partn...",NEGATIVE,99.59%,-0.988,,
11,2025-06-28,7,Global Payments Unveils Genius for Retail POS Solu...,POSITIVE,99.81%,0.994,,
11,2025-06-28,8,Cloudflare Named TIME100 Most Influential Company ...,POSITIVE,99.54%,0.986,,
11,2025-06-28,9,Analyst Report: James Hardie Industries plc,POSITIVE,62.69%,0.246,,
12,2025-06-28,1,Better Dividend Stock: Kinder Morgan vs. Enterpris...,NEGATIVE,98.86%,-0.966,,
12,2025-06-28,2,"Affirm, Shopmonkey Partner to Revolutionize Auto R...",POSITIVE,99.90%,0.997,,
12,2025-06-28,3,"CrowdStrike Leads Cloud Security Market, Recognize...",POSITIVE,99.43%,0.983,CRWD,CrowdStrike
12,2025-06-28,4,Should You Buy Nu Holdings While It's Still Below ...,NEGATIVE,99.90%,-0.997,,
12,2025-06-28,5,Panasonic Adopts CyberArk for Enhanced Identity Se...,POSITIVE,54.66%,0.163,,
12,2025-06-28,6,"Toast Commits $5M to Combat Food Insecurity, Partn...",NEGATIVE,99.59%,-0.988,,
12,2025-06-28,7,Global Payments Unveils Genius for Retail POS Solu...,POSITIVE,99.81%,0.994,,
12,2025-06-28,8,Cloudflare Named TIME100 Most Influential Company ...,POSITIVE,99.54%,0.986,,
12,2025-06-28,9,Analyst Report: James Hardie Industries plc,POSITIVE,62.69%,0.246,,
13,2025-06-28,1,US-China Deal Prospects Improve Market Sentiment,POSITIVE,99.08%,0.973,,
13,2025-06-28,2,Energy Transfer LP (ET) Is Being Hurt Due To Trade...,NEGATIVE,99.72%,-0.992,,
13,2025-06-28,3,What is an excluded driver?,NEGATIVE,99.50%,-0.985,,
13,2025-06-28,4,Driver Shortage Myths Debunked: Freight Demand Dri...,NEGATIVE,99.45%,-0.984,,
13,2025-06-28,5,KB Home (KBH) Isn’t A “Crybaby” But It Wants Lower...,NEGATIVE,99.95%,-0.999,T,AT&T
13,2025-06-28,6,"Visa Inc. (V): “This Is Your Chance” To Buy, Says ...",POSITIVE,98.40%,0.953,V,Visa
13,2025-06-28,7,"Intuit Inc. (INTU) Is Using AI Platforms, Says Jim...",NEGATIVE,99.34%,-0.98,,
13,2025-06-28,8,Mastercard Incorporated (MA): “This Is Your Chance...,POSITIVE,99.84%,0.995,MA,Mastercard
13,2025-06-28,9,"Sanctioned Steelmaker Finds a Buyer for U.S., Cana...",NEGATIVE,98.12%,-0.945,,
14,2025-06-28,1,"Sanctioned Steelmaker Finds a Buyer for U.S., Cana...",NEGATIVE,98.12%,-0.945,,
14,2025-06-28,2,"AeroVironment, Inc. (AVAV) Overcame Worries About ...",POSITIVE,70.99%,0.358,,
14,2025-06-28,3,"Intuit Inc. (INTU) Is Using AI Platforms, Says Jim...",NEGATIVE,99.34%,-0.98,INTU,Intuit
14,2025-06-28,4,"Chewy, Inc. (CHWY) Can Suffer From A Share Price D...",NEGATIVE,99.94%,-0.998,,
14,2025-06-28,5,Driver Shortage Myths Debunked: Freight Demand Dri...,NEGATIVE,99.45%,-0.984,,
14,2025-06-28,6,Mastercard Incorporated (MA): “This Is Your Chance...,POSITIVE,99.84%,0.995,MA,Mastercard
14,2025-06-28,7,Dollar General Corporation (DG)’s Goldman Sachs Do...,NEGATIVE,99.88%,-0.996,GS,Goldman Sachs
14,2025-06-28,8,"Visa Inc. (V): “This Is Your Chance” To Buy, Says ...",POSITIVE,98.40%,0.953,V,Visa
14,2025-06-28,9,What is an excluded driver?,NEGATIVE,99.50%,-0.985,,
15,2025-06-28,1,"Intuit Inc. (INTU) Is Using AI Platforms, Says Jim...",NEGATIVE,99.34%,-0.98,INTU,Intuit
15,2025-06-28,2,Dollar General Corporation (DG)’s Goldman Sachs Do...,NEGATIVE,99.88%,-0.996,DG,Dollar General
15,2025-06-28,2,Dollar General Corporation (DG)’s Goldman Sachs Do...,NEGATIVE,99.88%,-0.996,GS,Goldman Sachs
15,2025-06-28,3,"Sanctioned Steelmaker Finds a Buyer for U.S., Cana...",NEGATIVE,98.12%,-0.945,,
15,2025-06-28,4,lululemon athletica inc. (LULU) Isn’t Doing Great ...,NEGATIVE,99.93%,-0.998,NOW,ServiceNow
15,2025-06-28,4,lululemon athletica inc. (LULU) Isn’t Doing Great ...,NEGATIVE,99.93%,-0.998,T,AT&T
15,2025-06-28,5,"Advanced Micro Devices, Inc. (AMD): They Have A Re...",POSITIVE,99.95%,0.998,,
15,2025-06-28,6,RH (RH) Is Creating Worries About Its Balance Shee...,NEGATIVE,99.82%,-0.88,,
15,2025-06-28,8,"Visa Inc. (V): “This Is Your Chance” To Buy, Says ...",POSITIVE,98.40%,0.995,,
15,2025-06-28,7,Analyst Recommends This Top Dividend Growth Stock ...,POSITIVE,95.84%,0.953,V,Visa
15,2025-06-28,9,Mastercard Incorporated (MA): “This Is Your Chance...,POSITIVE,99.84%,0.995,MA,Mastercard
16,2025-06-28,2,These Tesla-Rival China EV Stocks Show Strength Am...,POSITIVE,99.69%,0.991,TSLA,Tesla
16,2025-06-28,4,"Tesla Gives Up Robotaxi Gain, But Receives Target ...",NEGATIVE,91.97%,-0.778,TSLA,Tesla
16,2025-06-28,4,"Tesla Gives Up Robotaxi Gain, But Receives Target ...",NEGATIVE,91.97%,-0.778,TGT,Target
16,2025-06-28,8,Nvidia Breakout Puts $4 Trillion Market Value With...,NEGATIVE,98.79%,-0.964,NVDA,NVIDIA
16,2025-06-28,9,Nvidia Stock Keeps Rocking Record Highs. Here's Wh...,POSITIVE,98.81%,0.965,NVDA,NVIDIA
17,2025-06-28,1,Key Fed Inflation Rate Overshoots As Trump Eyes Ne...,NEGATIVE,99.37%,-0.981,,
17,2025-06-28,2,These Tesla-Rival China EV Stocks Show Strength Am...,POSITIVE,99.69%,0.991,TSLA,Tesla
17,2025-06-28,3,US Treasuries Post Third Week of Gains on Fed Rate...,NEGATIVE,99.70%,-0.991,,
17,2025-06-28,4,"Tesla Gives Up Robotaxi Gain, But Receives Target ...",NEGATIVE,91.97%,-0.778,TSLA,Tesla
17,2025-06-28,4,"Tesla Gives Up Robotaxi Gain, But Receives Target ...",NEGATIVE,91.97%,-0.778,TGT,Target
17,2025-06-28,5,Advent-backed NIQ enters US IPO lineup as listings...,NEGATIVE,98.62%,-0.959,,
17,2025-06-28,6,First-time homebuyer qualifications,POSITIVE,99.86%,0.996,,
17,2025-06-28,7,The Debate Over Private Assets in ETFs Heats Up,POSITIVE,98.23%,0.948,,
17,2025-06-28,8,Nvidia Breakout Puts $4 Trillion Market Value With...,NEGATIVE,98.79%,-0.964,NVDA,NVIDIA
17,2025-06-28,9,Why Investors Should Be Cautious as ETFs Grow More...,NEGATIVE,99.02%,-0.971,,
18,2025-06-28,1,Advent-backed NIQ enters US IPO lineup as listings...,NEGATIVE,98.62%,-0.959,,
18,2025-06-28,2,The Debate Over Private Assets in ETFs Heats Up,POSITIVE,98.23%,0.948,,
18,2025-06-28,3,Nvidia Breakout Puts $4 Trillion Market Value With...,NEGATIVE,98.79%,-0.964,NVDA,NVIDIA
18,2025-06-28,4,Treasury Yields Rise as Trade Tensions Make a Come...,POSITIVE,99.31%,0.979,,
18,2025-06-28,5,12 most popular types of cryptocurrency,POSITIVE,99.89%,0.997,,
18,2025-06-28,6,Swing Trading Lesson: Why We Took The Small Gain I...,NEGATIVE,99.53%,-0.986,,
18,2025-06-28,7,These Tesla-Rival China EV Stocks Show Strength Am...,POSITIVE,99.69%,0.991,TSLA,Tesla
18,2025-06-28,8,Nike Stock Soars 15% One Day After CEO Says He Exp...,NEGATIVE,53.87%,-0.156,,
18,2025-06-28,9,Boeing Stock Among Dow Jones Winners After Upgrade...,POSITIVE,99.09%,0.973,,
19,2025-06-28,1,Nvidia Breakout Puts $4 Trillion Market Value With...,NEGATIVE,98.79%,-0.964,NVDA,NVIDIA
19,2025-06-28,2,The Debate Over Private Assets in ETFs Heats Up,POSITIVE,98.23%,0.948,N/A,N/A
19,2025-06-28,3,Advent-backed NIQ enters US IPO lineup as listings...,NEGATIVE,98.62%,-0.959,N/A,N/A
19,2025-06-28,4,Treasury Yields Rise as Trade Tensions Make a Come...,POSITIVE,99.31%,0.979,N/A,N/A
19,2025-06-28,5,Swing Trading Lesson: Why We Took The Small Gain I...,NEGATIVE,99.53%,-0.986,N/A,N/A
19,2025-06-28,6,12 most popular types of cryptocurrency,POSITIVE,99.89%,0.997,N/A,N/A
19,2025-06-28,7,Nike Stock Soars 15% One Day After CEO Says He Exp...,NEGATIVE,53.87%,-0.156,NKE,Nike
19,2025-06-28,8,Boeing Stock Among Dow Jones Winners After Upgrade...,POSITIVE,99.09%,0.973,BA,Boeing
19,2025-06-28,9,These Tesla-Rival China EV Stocks Show Strength Am...,POSITIVE,99.69%,0.991,TSLA,Tesla
____________________
20,2025-06-28,1,Treasury Yields Rise as Trade Tensions Make a Come...,N/A,N/A,POSITIVE,99.31%,0.979
20,2025-06-28,2,The Debate Over Private Assets in ETFs Heats Up,N/A,N/A,POSITIVE,98.23%,0.948
20,2025-06-28,3,Nvidia Breakout Puts $4 Trillion Market Value With...,NVDA,NVIDIA,NEGATIVE,98.79%,-0.964
20,2025-06-28,4,12 most popular types of cryptocurrency,N/A,N/A,POSITIVE,99.89%,0.997
20,2025-06-28,5,Swing Trading Lesson: Why We Took The Small Gain I...,N/A,N/A,NEGATIVE,99.53%,-0.986
20,2025-06-28,6,Boeing Stock Among Dow Jones Winners After Upgrade...,BA,Boeing,POSITIVE,99.09%,0.973
20,2025-06-28,7,Advent-backed NIQ enters US IPO lineup as listings...,N/A,N/A,NEGATIVE,98.62%,-0.959
20,2025-06-28,8,Nike Stock Soars 15% One Day After CEO Says He Exp...,NKE,Nike,NEGATIVE,53.87%,-0.156
20,2025-06-28,9,"Streaming Winners Netflix, Spotify Get Price-Targe...",TGT,Target,NEGATIVE,83.39%,-0.58
20,2025-06-28,9,"Streaming Winners Netflix, Spotify Get Price-Targe...",NFLX,Netflix,NEGATIVE,83.39%,-0.58
____________________
1,2025-06-28,2,Boeing Stock Among Dow Jones Winners After Upgrade...,BA,Boeing,POSITIVE,99.09%,0.973,N/A
1,2025-06-28,3,"Nike Stock Receives Upgrade, Target Hikes On Turna...",TGT,Target,NEGATIVE,95.58%,-0.873,N/A
1,2025-06-28,3,"Nike Stock Receives Upgrade, Target Hikes On Turna...",NKE,Nike,NEGATIVE,95.58%,-0.873,N/A
1,2025-06-28,7,"Streaming Winners Netflix, Spotify Get Price-Targe...",TGT,Target,NEGATIVE,83.39%,-0.58,N/A
1,2025-06-28,7,"Streaming Winners Netflix, Spotify Get Price-Targe...",NFLX,Netflix,NEGATIVE,83.39%,-0.58,N/A
1,2025-06-28,9,Nike Stock Soars 15% One Day After CEO Says He Exp...,NKE,Nike,NEGATIVE,53.87%,-0.156,N/A
____________________
1,2025-06-28,2,"Nike Stock Receives Upgrade, Target Hikes On Turna...",TGT,Target,NEGATIVE,95.58%,-0.873,N/A
1,2025-06-28,2,"Nike Stock Receives Upgrade, Target Hikes On Turna...",NKE,Nike,NEGATIVE,95.58%,-0.873,N/A
1,2025-06-28,3,Nike Stock Soars 15% One Day After CEO Says He Exp...,NKE,Nike,NEGATIVE,53.87%,-0.156,N/A
1,2025-06-28,4,"Streaming Winners Netflix, Spotify Get Price-Targe...",NFLX,Netflix,NEGATIVE,83.39%,-0.58,N/A
1,2025-06-28,4,"Streaming Winners Netflix, Spotify Get Price-Targe...",TGT,Target,NEGATIVE,83.39%,-0.58,N/A
1,2025-06-28,9,Boeing Stock Among Dow Jones Winners After Upgrade...,BA,Boeing,POSITIVE,99.09%,0.973,N/A
____________________
1,2025-06-28,1,"Streaming Winners Netflix, Spotify Get Price-Targe...",TGT,Target,NEGATIVE,83.39%,-0.58,99.23
1,2025-06-28,1,"Streaming Winners Netflix, Spotify Get Price-Targe...",NFLX,Netflix,NEGATIVE,83.39%,-0.58,1323.12
1,2025-06-28,2,Boeing Stock Among Dow Jones Winners After Upgrade...,BA,Boeing,POSITIVE,99.09%,0.973,214.55
1,2025-06-28,3,"Nike Stock Receives Upgrade, Target Hikes On Turna...",NKE,Nike,NEGATIVE,95.58%,-0.873,72.04
1,2025-06-28,3,"Nike Stock Receives Upgrade, Target Hikes On Turna...",TGT,Target,NEGATIVE,95.58%,-0.873,99.23
1,2025-06-28,5,Nike Stock Soars 15% One Day After CEO Says He Exp...,NKE,Nike,NEGATIVE,53.87%,-0.156,N/A
____________________
1,2025-06-28,1,"Power Demand For Data Centers, AI Fuels 870% Rally...",N/A,N/A,NEGATIVE,97.44%,-0.925,
1,2025-06-28,2,Core Scientific Soars On Reports Of New CoreWeave ...,N/A,N/A,POSITIVE,99.55%,0.986,
1,2025-06-28,3,"Nike Stock Receives Upgrade, Target Hikes On Turna...",TGT,Target,NEGATIVE,95.58%,-0.873,99.23
1,2025-06-28,3,"Nike Stock Receives Upgrade, Target Hikes On Turna...",NKE,Nike,NEGATIVE,95.58%,-0.873,72.04
1,2025-06-28,4,"Streaming Winners Netflix, Spotify Get Price-Targe...",TGT,Target,NEGATIVE,83.39%,-0.58,99.23
1,2025-06-28,4,"Streaming Winners Netflix, Spotify Get Price-Targe...",NFLX,Netflix,NEGATIVE,83.39%,-0.58,1323.12
1,2025-06-28,4,"Streaming Winners Netflix, Spotify Get Price-Targe...",SPOT,Spotify,NEGATIVE,83.39%,-0.58,772.6
1,2025-06-28,5,Shuffleboard: Lego Legend Nominated to Nike Board,NKE,Nike,POSITIVE,99.04%,0.972,N/A
1,2025-06-28,6,"S&P 500, Nasdaq Mark Record Closes Despite Trade H...",N/A,N/A,POSITIVE,97.39%,0.924,
1,2025-06-28,7,Boeing Stock Among Dow Jones Winners After Upgrade...,BA,Boeing,POSITIVE,99.09%,0.973,N/A
1,2025-06-28,8,Nike Stock Soars 15% One Day After CEO Says He Exp...,NKE,Nike,NEGATIVE,53.87%,-0.156,N/A
1,2025-06-28,9,Analyst Report: James Hardie Industries plc,N/A,N/A,POSITIVE,62.69%,0.246,
____________________
1,2025-06-28,SPY,614.91,S&P,yahoo,"S&P 500, Nasdaq Mark Record Closes Despite Trade H..."
1,2025-06-28,QQQ,548.09,Nasdaq,yahoo,"S&P 500, Nasdaq Mark Record Closes Despite Trade H..."
2,2025-06-28,NKE,72.04,Nike,yahoo,Shuffleboard: Lego Legend Nominated to Nike Board
2,2025-06-28,LEGO,11.25,Lego,yahoo,Shuffleboard: Lego Legend Nominated to Nike Board
3,2025-06-28,,,,yahoo,"Fed says banks can withstand economic downturn, cl..."
4,2025-06-28,,,,yahoo,Big banks all pass the Federal Reserve's stress te...
5,2025-06-28,,,,yahoo,Trading Day: Wall Street's twin peaks
6,2025-06-28,,,,yahoo,Core Scientific Soars On Reports Of New CoreWeave ...
7,2025-06-28,,,,yahoo,Euro Poised for Best Run Since 2017 as Dollar’s Sl...
8,2025-06-28,,,,yahoo,How Wall Street powered to a record high and what ...
9,2025-06-28,,,,yahoo,Analyst Report: James Hardie Industries plc
____________________
1,2025-06-28,,,,yahoo,Euro Poised for Best Run Since 2017 as Dollar’s Sl...,91.79%,0.773
2,2025-06-28,,,,yahoo,Big banks all pass the Federal Reserve's stress te...,99.26%,-0.978
3,2025-06-28,,,,yahoo,"Fed says banks can withstand economic downturn, cl...",94.20%,-0.836
4,2025-06-28,SPY,614.91,S&P,yahoo,"S&P 500, Nasdaq Mark Record Closes Despite Trade H...",97.39%,0.924
4,2025-06-28,QQQ,548.09,Nasdaq,yahoo,"S&P 500, Nasdaq Mark Record Closes Despite Trade H...",97.39%,0.924
5,2025-06-28,,,,yahoo,How Wall Street powered to a record high and what ...,99.87%,0.996
6,2025-06-28,,,,yahoo,Trading Day: Wall Street's twin peaks,99.91%,0.997
7,2025-06-28,NKE,72.04,Nike,yahoo,Shuffleboard: Lego Legend Nominated to Nike Board,99.04%,0.972
7,2025-06-28,LEGO,11.25,Lego,yahoo,Shuffleboard: Lego Legend Nominated to Nike Board,99.04%,0.972
8,2025-06-28,,,,yahoo,12 most popular types of cryptocurrency,99.89%,0.997
9,2025-06-28,,,,yahoo,Analyst Report: James Hardie Industries plc,62.69%,0.246
____________________
1,2025-06-28,EUR,,Euro,yahoo,Euro Poised for Best Run Since 2017 as Dollar’s Sl...,91.79%,0.773
1,2025-06-28,USD,73.45,Dollar,yahoo,Euro Poised for Best Run Since 2017 as Dollar’s Sl...,91.79%,0.773
2,2025-06-28,,,,yahoo,"Fed says banks can withstand economic downturn, cl...",94.20%,-0.836
3,2025-06-28,,,,yahoo,Big banks all pass the Federal Reserve's stress te...,99.26%,-0.978
4,2025-06-28,NKE,72.04,Nike,yahoo,"Nike Stock Receives Upgrade, Target Hikes On Turna...",95.58%,-0.873
4,2025-06-28,TGT,99.23,Target,yahoo,"Nike Stock Receives Upgrade, Target Hikes On Turna...",95.58%,-0.873
5,2025-06-28,,,,yahoo,How Wall Street powered to a record high and what ...,99.87%,0.996
6,2025-06-28,SPY,614.91,S&P,yahoo,"S&P 500, Nasdaq Mark Record Closes Despite Trade H...",97.39%,0.924
6,2025-06-28,QQQ,,Nasdaq,yahoo,"S&P 500, Nasdaq Mark Record Closes Despite Trade H...",97.39%,0.924
7,2025-06-28,SPY,,S&P,yahoo,Historic Rebound Sends S&P 500 to New Highs,99.97%,0.999
8,2025-06-28,LEGO,,Lego,yahoo,Shuffleboard: Lego Legend Nominated to Nike Board,99.04%,0.972
8,2025-06-28,NKE,,Nike,yahoo,Shuffleboard: Lego Legend Nominated to Nike Board,99.04%,0.972
9,2025-06-28,,,,yahoo,Analyst Report: James Hardie Industries plc,62.69%,0.246
____________________
1,2025-06-28,,,,yahoo,Swing Trading Lesson: Why We Took The Small Gain I...,99.53%,-0.986
2,2025-06-28,,,,yahoo,Trading Day: Wall Street's twin peaks,99.91%,0.997
3,2025-06-28,,,,yahoo,How Wall Street powered to a record high and what ...,99.87%,0.996
4,2025-06-28,,,,yahoo,"Fed says banks can withstand economic downturn, cl...",94.20%,-0.836
5,2025-06-28,USD,73.45,Dollar,yahoo,Euro Poised for Best Run Since 2017 as Dollar’s Sl...,91.79%,0.773
5,2025-06-28,EUR,,Euro,yahoo,Euro Poised for Best Run Since 2017 as Dollar’s Sl...,91.79%,0.773
6,2025-06-28,SPY,614.91,S&P,yahoo,Historic Rebound Sends S&P 500 to New Highs,99.97%,0.999
7,2025-06-28,,,,yahoo,CoreWeave Could Buy Core Scientific. How Should Yo...,99.93%,-0.998
8,2025-06-28,QQQ,548.09,Nasdaq,yahoo,S&P 500 and Nasdaq Climb to Record Highs on China ...,99.28%,0.978
8,2025-06-28,SPY,614.91,S&P,yahoo,S&P 500 and Nasdaq Climb to Record Highs on China ...,99.28%,0.978
9,2025-06-28,,,,yahoo,Wall Street’s Booming June Is Big Bet Against Econ...,96.40%,0.896
____________________
1,2025-06-28,SPY,614.91,S&P,yahoo,Historic Rebound Sends S&P 500 to New Highs,98.78%,0.988
2,2025-06-28,,,,yahoo,IBD Stock Of The Day: Why Software Maker SAP's Clo...,99.60%,-0.988
3,2025-06-28,BA,214.55,Boeing,yahoo,"These Stocks Moved the Most Today: Nike, Nvidia, C...",91.88%,0.0
3,2025-06-28,NVDA,157.75,NVIDIA,yahoo,"These Stocks Moved the Most Today: Nike, Nvidia, C...",78.72%,0.0
3,2025-06-28,NKE,72.04,Nike,yahoo,"These Stocks Moved the Most Today: Nike, Nvidia, C...",87.85%,0.0
4,2025-06-28,,,,yahoo,Best crypto in 2025: 8 top-performing cryptocurren...,99.97%,0.999
5,2025-06-28,,,,yahoo,Saks Gets $600 Million Lifeline as Creditors Face ...,99.11%,-0.974
6,2025-06-28,,,,yahoo,"Tech, Media & Telecom Roundup: Market Talk",92.57%,0.793
7,2025-06-28,,,,yahoo,CoreWeave Could Buy Core Scientific. How Should Yo...,99.93%,-0.998
8,2025-06-28,SPY,614.91,S&P,yahoo,S&P 500 and Nasdaq Climb to Record Highs on China ...,98.95%,0.989
8,2025-06-28,QQQ,,Nasdaq,yahoo,S&P 500 and Nasdaq Climb to Record Highs on China ...,96.22%,0.962
9,2025-06-28,,,,yahoo,Financial Services Roundup: Market Talk,96.44%,0.897
____________________
1,2025-06-28,,,,yahoo,Saks Gets $600 Million Lifeline as Creditors Face ...,99.11%,-0.974
2,2025-06-28,,,,yahoo,Best crypto in 2025: 8 top-performing cryptocurren...,99.97%,0.999
3,2025-06-28,NKE,72.04,Nike,yahoo,"These Stocks Moved the Most Today: Nike, Nvidia, C...",87.85%,0.0
3,2025-06-28,BA,214.55,Boeing,yahoo,"These Stocks Moved the Most Today: Nike, Nvidia, C...",91.88%,0.0
3,2025-06-28,NVDA,157.75,NVIDIA,yahoo,"These Stocks Moved the Most Today: Nike, Nvidia, C...",78.72%,0.0
4,2025-06-28,,,,yahoo,"Tech, Media & Telecom Roundup: Market Talk",92.57%,0.793
5,2025-06-28,NKE,72.04,Nike,yahoo,S&P 500 Gains & Losses Today: Index Notches Record...,79.25%,0.792
5,2025-06-28,SPY,614.91,S&P,yahoo,S&P 500 Gains & Losses Today: Index Notches Record...,92.78%,0.0
6,2025-06-28,,,,yahoo,IBD Stock Of The Day: Why Software Maker SAP's Clo...,99.60%,-0.988
7,2025-06-28,,,,yahoo,Financial Services Roundup: Market Talk,96.44%,0.897
8,2025-06-28,,,,yahoo,Auto & Transport Roundup: Market Talk,88.99%,0.705
9,2025-06-28,,,,yahoo,CoreWeave Could Buy Core Scientific. How Should Yo...,99.93%,-0.998
____________________
1,2025-06-28,USD,73.45,Dollar,yahoo,"Anchorage to Phase Out USDC, Agora USD Citing Risk...",86.42%,-0.864
2,2025-06-28,,,,yahoo,Financial Services Roundup: Market Talk,96.44%,0.897
3,2025-06-28,,,,yahoo,"Tech, Media & Telecom Roundup: Market Talk",92.57%,0.793
4,2025-06-28,BA,214.55,Boeing,yahoo,"These Stocks Moved the Most Today: Nike, Nvidia, C...",91.88%,0.0
4,2025-06-28,NVDA,157.75,NVIDIA,yahoo,"These Stocks Moved the Most Today: Nike, Nvidia, C...",78.72%,0.0
4,2025-06-28,NKE,72.04,Nike,yahoo,"These Stocks Moved the Most Today: Nike, Nvidia, C...",87.85%,0.0
5,2025-06-28,,,,yahoo,"Down 54%, Can This Growth Stock Soar Over the Next...",99.95%,-0.998
6,2025-06-28,,,,yahoo,Auto & Transport Roundup: Market Talk,88.99%,0.705
7,2025-06-28,,,,yahoo,Best crypto in 2025: 8 top-performing cryptocurren...,99.97%,0.999
8,2025-06-28,,,,yahoo,Energy & Utilities Roundup: Market Talk,93.14%,0.808
9,2025-06-28,JHX,27.59,James Hardie Industries,yahoo,Analyst Report: James Hardie Industries plc,97.31%,0.0
____________________
1,2025-06-28,,,,yahoo,Financial Services Roundup: Market Talk,96.44%,0.897
2,2025-06-28,USD,73.45,Dollar,yahoo,"Anchorage to Phase Out USDC, Agora USD Citing Risk...",86.42%,-0.864
3,2025-06-28,,,,yahoo,"Tech, Media & Telecom Roundup: Market Talk",92.57%,0.793
4,2025-06-28,,,,yahoo,Auto & Transport Roundup: Market Talk,88.99%,0.705
5,2025-06-28,,,,yahoo,Energy & Utilities Roundup: Market Talk,93.14%,0.808
6,2025-06-28,,,,yahoo,"Down 54%, Can This Growth Stock Soar Over the Next...",99.95%,-0.998
7,2025-06-28,,,,yahoo,Best crypto in 2025: 8 top-performing cryptocurren...,99.97%,0.999
8,2025-06-28,NVDA,157.75,NVIDIA,yahoo,"These Stocks Moved the Most Today: Nike, Nvidia, C...",78.72%,0.0
8,2025-06-28,BA,214.55,Boeing,yahoo,"These Stocks Moved the Most Today: Nike, Nvidia, C...",91.88%,0.0
8,2025-06-28,NKE,72.04,Nike,yahoo,"These Stocks Moved the Most Today: Nike, Nvidia, C...",87.85%,0.0
9,2025-06-28,JHX,27.59,James Hardie Industries,yahoo,Analyst Report: James Hardie Industries plc,97.31%,0.0
____________________
1,2025-06-28,,,,yahoo,Financial Services Roundup: Market Talk,96.44%,0.897
2,2025-06-28,,,,yahoo,"Down 54%, Can This Growth Stock Soar Over the Next...",99.95%,-0.998
3,2025-06-28,,,,yahoo,Auto & Transport Roundup: Market Talk,88.99%,0.705
4,2025-06-28,,,,yahoo,Energy & Utilities Roundup: Market Talk,93.14%,0.808
5,2025-06-28,,,,yahoo,"Tech, Media & Telecom Roundup: Market Talk",92.57%,0.793
6,2025-06-28,USD,73.45,Dollar,yahoo,"Anchorage to Phase Out USDC, Agora USD Citing Risk...",86.42%,-0.864
7,2025-06-28,NKE,72.04,Nike,yahoo,"These Stocks Moved the Most Today: Nike, Nvidia, C...",87.85%,0.0
7,2025-06-28,BA,214.55,Boeing,yahoo,"These Stocks Moved the Most Today: Nike, Nvidia, C...",91.88%,0.0
7,2025-06-28,NVDA,157.75,NVIDIA,yahoo,"These Stocks Moved the Most Today: Nike, Nvidia, C...",78.72%,0.0
8,2025-06-28,,,,yahoo,Best crypto in 2025: 8 top-performing cryptocurren...,99.97%,0.999
9,2025-06-28,JHX,27.59,James Hardie Industries,yahoo,Analyst Report: James Hardie Industries plc,97.31%,0.0
____________________
1,2025-06-29,,,,yahoo,IBD Stock Of The Day: Why Software Maker SAP's Clo...,99.60%,-0.988,
2,2025-06-29,,,,yahoo,Wall Street’s Booming June Is Big Bet Against Econ...,96.40%,0.896,
3,2025-06-29,,,,yahoo,CoreWeave Could Buy Core Scientific. How Should Yo...,99.93%,-0.998,
4,2025-06-29,SPY,614.91,S&P,yahoo,S&P 500 and Nasdaq Climb to Record Highs on China ...,positive,98.95%,0.989
4,2025-06-29,QQQ,548.09,Nasdaq,yahoo,S&P 500 and Nasdaq Climb to Record Highs on China ...,positive,96.22%,0.962
5,2025-06-29,,,,yahoo,Best crypto in 2025: 8 top-performing cryptocurren...,99.97%,0.999,
6,2025-06-29,SPY,614.91,S&P,yahoo,S&P 500 Gains & Losses Today: Index Notches Record...,neutral,92.78%,0.0
6,2025-06-29,NKE,72.04,Nike,yahoo,S&P 500 Gains & Losses Today: Index Notches Record...,positive,79.25%,0.792
7,2025-06-29,SPY,614.91,S&P,yahoo,Historic Rebound Sends S&P 500 to New Highs,positive,98.78%,0.988
8,2025-06-29,NVDA,,NVIDIA,yahoo,"These Stocks Moved the Most Today: Nike, Nvidia, C...",neutral,78.72%,0.0
8,2025-06-29,NKE,,Nike,yahoo,"These Stocks Moved the Most Today: Nike, Nvidia, C...",neutral,87.85%,0.0
8,2025-06-29,BA,,Boeing,yahoo,"These Stocks Moved the Most Today: Nike, Nvidia, C...",neutral,91.88%,0.0
9,2025-06-29,,,,yahoo,"Tech, Media & Telecom Roundup: Market Talk",92.57%,0.793,
____________________
1,2025-06-29,,,,yahoo,Wall Street’s Booming June Is Big Bet Against Econ...,96.40%,0.896,
2,2025-06-29,BA,214.55,Boeing,yahoo,"These Stocks Moved the Most Today: Nike, Nvidia, C...",neutral,91.88%,0.0
2,2025-06-29,NVDA,157.75,NVIDIA,yahoo,"These Stocks Moved the Most Today: Nike, Nvidia, C...",neutral,78.72%,0.0
2,2025-06-29,NKE,72.04,Nike,yahoo,"These Stocks Moved the Most Today: Nike, Nvidia, C...",neutral,87.85%,0.0
3,2025-06-29,,,,yahoo,Best crypto in 2025: 8 top-performing cryptocurren...,99.97%,0.999,
4,2025-06-29,,,,yahoo,CoreWeave Could Buy Core Scientific. How Should Yo...,99.93%,-0.998,
5,2025-06-29,SPY,614.91,S&P,yahoo,S&P 500 and Nasdaq Climb to Record Highs on China ...,positive,98.95%,0.989
5,2025-06-29,QQQ,548.09,Nasdaq,yahoo,S&P 500 and Nasdaq Climb to Record Highs on China ...,positive,96.22%,0.962
6,2025-06-29,SPY,,S&P,yahoo,S&P 500 Gains & Losses Today: Index Notches Record...,neutral,92.78%,0.0
6,2025-06-29,NKE,,Nike,yahoo,S&P 500 Gains & Losses Today: Index Notches Record...,positive,79.25%,0.792
7,2025-06-29,SPY,,S&P,yahoo,Historic Rebound Sends S&P 500 to New Highs,positive,98.78%,0.988
8,2025-06-29,,,,yahoo,"Tech, Media & Telecom Roundup: Market Talk",92.57%,0.793,
9,2025-06-29,JHX,,James Hardie Industries,yahoo,Analyst Report: James Hardie Industries plc,neutral,97.31%,0.0
____________________
1,25-06-29,SPY,614.91,S&P,yahoo,S&P 500 Gains & Losses Today: ...,neutral,92.78%,0.0
1,25-06-29,NKE,72.04,Nike,yahoo,S&P 500 Gains & Losses Today: ...,positive,79.25%,0.792
2,25-06-29,,,,yahoo,Best crypto in 2025: 8 top-per...,positive,99.97%,0.999
3,25-06-29,,,,yahoo,IBD Stock Of The Day: Why Soft...,negative,99.60%,-0.988
4,25-06-29,,,,yahoo,Saks Gets $600 Million Lifelin...,negative,99.11%,-0.974
5,25-06-29,,,,yahoo,"Tech, Media & Telecom Roundup:...",positive,92.57%,0.793
6,25-06-29,,,,yahoo,CoreWeave Could Buy Core Scien...,negative,99.93%,-0.998
7,25-06-29,QQQ,548.09,Nasdaq,yahoo,S&P 500 and Nasdaq Climb to Re...,positive,96.22%,0.962
7,25-06-29,SPY,614.91,S&P,yahoo,S&P 500 and Nasdaq Climb to Re...,positive,98.95%,0.989
8,25-06-29,,,,yahoo,Financial Services Roundup: Ma...,positive,96.44%,0.897
9,25-06-29,JHX,27.59,James Hardie,yahoo,Analyst Report: James Hardie I...,neutral,97.31%,0.0
____________________
1,25-06-29,SPY,614.91,S&P,yahoo,S&P 500 Gains & Losses Today: ...,0,92.78%,0.0
1,25-06-29,NKE,72.04,Nike,yahoo,S&P 500 Gains & Losses Today: ...,+,79.25%,0.792
2,25-06-29,,,,yahoo,Best crypto in 2025: 8 top-per...,+,99.97%,0.999
3,25-06-29,,,,yahoo,Financial Services Roundup: Ma...,+,96.44%,0.897
4,25-06-29,,,,yahoo,"Tech, Media & Telecom Roundup:...",+,92.57%,0.793
5,25-06-29,,,,yahoo,Saks Gets $600 Million Lifelin...,-,99.11%,-0.974
6,25-06-29,,,,yahoo,IBD Stock Of The Day: Why Soft...,-,99.60%,-0.988
7,25-06-29,,,,yahoo,CoreWeave Could Buy Core Scien...,-,99.93%,-0.998
8,25-06-29,USD,73.45,Dollar,yahoo,"Anchorage to Phase Out USDC, A...",-,86.42%,-0.864
9,25-06-29,,,,yahoo,Auto & Transport Roundup: Mark...,+,88.99%,0.705
____________________
3,25-06-29,QQQ,548.09,Tech,yahoo,"Tech, Media & Telecom Roundup:...",0,96.80%,0.0
4,25-06-29,BA,214.55,Boeing,yahoo,These Stocks Moved the Most To...,0,91.88%,0.0
4,25-06-29,NKE,72.04,Nike,yahoo,These Stocks Moved the Most To...,0,87.85%,0.0
4,25-06-29,NVDA,157.75,NVIDIA,yahoo,These Stocks Moved the Most To...,0,78.72%,0.0
5,25-06-29,USD,73.45,Dollar,yahoo,"Anchorage to Phase Out USDC, A...",-,86.42%,-0.864
____________________
5,25-06-29,QQQ,548.09,57577147.0,614579,Tech,yahoo,"Tech, Media & Telecom Roundup:...",0,96.80%,0.0
7,25-06-29,USD,73.45,592138.0,8614,Dollar,yahoo,"Anchorage to Phase Out USDC, A...",-,86.42%,-0.864
8,25-06-29,NVDA,157.75,263234539.0,1716736,NVIDIA,yahoo,These Stocks Moved the Most To...,0,78.72%,0.0
8,25-06-29,BA,214.55,14805405.0,179586,Boeing,yahoo,These Stocks Moved the Most To...,0,91.88%,0.0
8,25-06-29,NKE,72.04,117530345.0,776132,Nike,yahoo,These Stocks Moved the Most To...,0,87.85%,0.0
____________________
6,25-06-29,QQQ,548.09,57.6m,614579,Tech,yahoo,"Tech, Media & Telecom Roundup:...",0,96.80%,0.0
8,25-06-29,NKE,72.04,117.5m,776132,Nike,yahoo,These Stocks Moved the Most To...,0,87.85%,0.0
8,25-06-29,NVDA,157.75,263.2m,1716736,NVIDIA,yahoo,These Stocks Moved the Most To...,0,78.72%,0.0
8,25-06-29,BA,214.55,14.8m,179586,Boeing,yahoo,These Stocks Moved the Most To...,0,91.88%,0.0
9,25-06-29,JHX,27.59,12.3m,59721,James Hardie,yahoo,Analyst Report: James Hardie I...,0,97.31%,0.0
____________________
1,25-06-29,,,,yahoo,"Down 54%, Can This Growth Stoc...",-,99.95%,-0.998,,
2,25-06-29,,,,yahoo,Auto & Transport Roundup: Mark...,+,88.99%,0.705,,
3,25-06-29,,,,yahoo,Energy & Utilities Roundup: Ma...,+,93.14%,0.808,,
4,25-06-29,SPY,614.91,86.3m,806398,S&P,yahoo,"S&P 500, Nasdaq Clinch Record ...",+,94.22%,0.942
5,25-06-29,,,,yahoo,Financial Services Roundup: Ma...,+,96.44%,0.897,,
6,25-06-29,,,,yahoo,Are You Missing Out on These 2...,-,99.93%,-0.998,,
7,25-06-29,QQQ,548.09,57.6m,614579,Tech,yahoo,"Tech, Media & Telecom Roundup:...",0,96.80%,0.0
8,25-06-29,,,,yahoo,The biggest US banks pass anot...,-,98.63%,-0.96,,
9,25-06-29,,,,yahoo,Best crypto in 2025: 8 top-per...,+,99.97%,0.999,,
____________________
1,25-06-29,,,,yahoo,"Down 54%, Can This Growth Stoc...",-,99.95%,-0.998,,
2,25-06-29,,,,yahoo,Energy & Utilities Roundup: Ma...,+,93.14%,0.808,,
3,25-06-29,,,,yahoo,Auto & Transport Roundup: Mark...,+,88.99%,0.705,,
4,25-06-29,,,,yahoo,Financial Services Roundup: Ma...,+,96.44%,0.897,,
5,25-06-29,,,,yahoo,Are You Missing Out on These 2...,-,99.93%,-0.998,,
6,25-06-29,QQQ,548.09,57.6m,614579,Tech,yahoo,"Tech, Media & Telecom Roundup:...",0,96.80%,0.0
7,25-06-29,,,,yahoo,Best crypto in 2025: 8 top-per...,+,99.97%,0.999,,
8,25-06-29,BA,214.55,14.8m,179586,Boeing,yahoo,These Stocks Moved the Most To...,0,91.88%,0.0
8,25-06-29,NKE,72.04,117.5m,776132,Nike,yahoo,These Stocks Moved the Most To...,0,87.85%,0.0
8,25-06-29,NVDA,157.75,263.2m,1716736,NVIDIA,yahoo,These Stocks Moved the Most To...,0,78.72%,0.0
9,25-06-29,JHX,27.59,12.3m,59721,James Hardie,yahoo,Analyst Report: James Hardie I...,0,97.31%,0.0
____________________
1,25-06-29,,,,,,yahoo,Best crypto in 2025: 8 top-per...,+,99.97%,0.999
2,25-06-29,,,,,,yahoo,Are You Missing Out on These 2...,-,99.93%,-0.998
3,25-06-29,,,,,,yahoo,Auto & Transport Roundup: Mark...,+,88.99%,0.705
4,25-06-29,,,,,,yahoo,Financial Services Roundup: Ma...,+,96.44%,0.897
5,25-06-29,TSLA,323.63,89.1m,1196427,Tesla,yahoo,"The Score: Bumble, Tesla, Shel...",0,69.00%,0.0
6,25-06-29,QQQ,548.09,57.6m,614579,Tech,yahoo,"Tech, Media & Telecom Roundup:...",0,96.80%,0.0
7,25-06-29,,,,,,yahoo,Why Circle Internet Stock Plum...,-,99.96%,-0.999
8,25-06-29,,,,,,yahoo,Energy & Utilities Roundup: Ma...,+,93.14%,0.808
9,25-06-29,JHX,27.59,12.3m,59721,James Hardie,yahoo,Analyst Report: James Hardie I...,0,97.31%,0.0
____________________
2,25-06-29,SPY,614.91,107.0,S&P,yahoo,"S&P 500, Nasdaq Clinch Record ...",+,94.22%,0.942
3,25-06-29,TSLA,323.63,74.4,Tesla,yahoo,"The Score: Bumble, Tesla, Shel...",0,69.00%,0.0
____________________
1,25-06-29,TSLA,323.63,74.4,Tesla,yahoo,"The Score: Bumble, Tesla, Shel...",error,N/A,N/A
7,25-06-29,SPY,614.91,107.0,S&P,yahoo,Stock Market Today: Indexes Ra...,error,N/A,N/A
9,25-06-29,JHX,27.59,206.3,James Hardie,yahoo,Analyst Report: James Hardie I...,error,N/A,N/A
____________________
2,25-06-29,TSLA,323.63,74.4,Tesla,yahoo,"The Score: Bumble, Tesla, Shel...",0,69.00%,0.0
8,25-06-29,SPY,614.91,107.0,S&P,yahoo,Stock Market Today: Indexes Ra...,+,90.19%,87.016
____________________
2,25-06-29,SPY,614.91,107.0,S&P,yahoo,Stock Market Today: Indexes Ra...,+,90.19%,87.016
4,25-06-29,NOW,1022.42,29.8,ServiceNow,yahoo,Prediction: 2 Stocks That Will...,0,49.53%,0.0
5,25-06-29,TSLA,323.63,74.4,Tesla,yahoo,"The Score: Bumble, Tesla, Shel...",0,69.00%,0.0
7,25-06-29,USD,73.45,68.7,Dollar,yahoo,The WSJ Dollar Index Flat at 9...,0,87.76%,0.0
____________________
1,25-06-29,SPY,614.91,107.0,S&P,yahoo,Stock Market Today: Indexes Ra...,+,90.19%,87.016
2,25-06-29,NOW,1022.42,29.8,ServiceNow,yahoo,Prediction: 2 Stocks That Will...,0,49.53%,0.0
6,25-06-29,USD,73.45,68.7,Dollar,yahoo,The WSJ Dollar Index Flat at 9...,0,87.76%,0.0
____________________
1,25-06-29,MS,140.69,88.4,Morgan Stanley,yahoo,Morgan Stanley Maintained an O...,0,92.81%,0.0
2,25-06-29,NOW,1022.42,29.8,ServiceNow,yahoo,3 No-Brainer Warren Buffett St...,+,95.68%,27.263
3,25-06-29,,,,,yahoo,Many baby boomers are unprepar...,+,99.05%,0.972
4,25-06-29,NVDA,157.75,153.3,NVIDIA,yahoo,Analysts: AMD Stock Will ‘Clos...,0,75.35%,0.0
4,25-06-29,AMD,143.81,106.6,Advanced Micro Devices,yahoo,Analysts: AMD Stock Will ‘Clos...,0,74.25%,0.0
5,25-06-29,D,55.87,115.8,Dominion Energy,yahoo,DOGE layoffs are starting to l...,0,64.39%,0.0
5,25-06-29,C,,,Citigroup,yahoo,DOGE layoffs are starting to l...,0,53.54%,0.0
6,25-06-29,JPM,,,JPMorgan,yahoo,Bold Prediction: 2 Bank Stocks...,-,60.42%,0.0
6,25-06-29,NOW,,,ServiceNow,yahoo,Bold Prediction: 2 Bank Stocks...,+,81.54%,0.0
7,25-06-29,,,,,yahoo,Credit card rewards are slowly...,-,99.97%,-0.999
8,25-06-29,,,,,yahoo,How to Budget Weekly Pay When ...,-,99.56%,-0.987
9,25-06-29,,,,,yahoo,"Even as markets rally, Trump's...",-,63.57%,-0.257
____________________
2,25-06-29,NOW,1022.42,29.8,ServiceNow,yahoo,3 No-Brainer Warren Buffett St...,+,95.68%,27.263
4,25-06-29,NVDA,157.75,153.3,NVIDIA,yahoo,Analysts: AMD Stock Will ‘Clos...,0,75.35%,0.0
4,25-06-29,AMD,143.81,106.6,Advanced Micro Devices,yahoo,Analysts: AMD Stock Will ‘Clos...,0,74.25%,0.0
5,25-06-29,D,55.87,115.8,Dominion Energy,yahoo,DOGE layoffs are starting to l...,0,64.39%,0.0
5,25-06-29,C,84.38,178.7,Citigroup,yahoo,DOGE layoffs are starting to l...,0,53.54%,0.0
6,25-06-29,JPM,,,JPMorgan,yahoo,Bold Prediction: 2 Bank Stocks...,-,60.42%,0.0
6,25-06-29,NOW,,,ServiceNow,yahoo,Bold Prediction: 2 Bank Stocks...,+,81.54%,0.0
____________________
4,25-06-29,AMD,143.81,106.6,Advanced Micro Devices,yahoo,Analysts: AMD Stock Will ‘Clos...,+,74.25%,0.0
4,25-06-29,NVDA,157.75,153.3,NVIDIA,yahoo,Analysts: AMD Stock Will ‘Clos...,+,75.35%,0.0
5,25-06-29,META,733.63,55.6,Meta,yahoo,"Meta, Anthropic win legal batt...",0,91.24%,0.0
7,25-06-29,D,55.87,115.8,Dominion Energy,yahoo,DOGE layoffs are starting to l...,-,64.39%,0.0
7,25-06-29,C,84.38,178.7,Citigroup,yahoo,DOGE layoffs are starting to l...,-,53.54%,0.0
____________________
1,25-06-29,NKE,72.04,151.4,Nike,yahoo,Nike Inc. (NKE) Skyrockets 15%...,+,49.43%,36.994
4,25-06-29,AMD,143.81,106.6,Advanced Micro Devices,yahoo,Analysts: AMD Stock Will ‘Clos...,+,74.25%,106.575
4,25-06-29,NVDA,157.75,153.3,NVIDIA,yahoo,Analysts: AMD Stock Will ‘Clos...,+,75.35%,153.334
5,25-06-29,META,733.63,55.6,Meta,yahoo,"Meta, Anthropic win legal batt...",0,91.24%,0.0
6,25-06-29,USD,73.45,68.7,Dollar,yahoo,Crypto Investors Open Up About...,-,50.03%,68.741
7,25-06-29,C,,,Citigroup,yahoo,DOGE layoffs are starting to l...,-,53.54%,0.0
7,25-06-29,D,,,Dominion Energy,yahoo,DOGE layoffs are starting to l...,-,64.39%,0.0
____________________
4,25-06-29,TGT,99.23,84.5,Target,yahoo,BeOne Medicines price target r...,+,81.14%,84.526
4,25-06-29,MS,,,Morgan Stanley,yahoo,BeOne Medicines price target r...,+,84.40%,0.0
5,25-06-29,D,55.87,115.8,Dominion Energy,yahoo,DOGE layoffs are starting to l...,-,64.39%,-115.787
5,25-06-29,C,84.38,178.7,Citigroup,yahoo,DOGE layoffs are starting to l...,-,53.54%,-178.722
7,25-06-29,META,733.63,55.6,Meta,yahoo,"Meta, Anthropic win legal batt...",0,91.24%,0.0
9,25-06-29,TGT,99.23,84.5,Target,yahoo,Kratos Defense (KTOS) Jumps 10...,-,67.32%,-56.9
____________________
1,25-06-29,AMD,143.81,106.6,Advanced Micro Devices,yahoo,Analysts: AMD Stock Will ‘Clos...,+,74.25%,106.575
1,25-06-29,NVDA,157.75,153.3,NVIDIA,yahoo,Analysts: AMD Stock Will ‘Clos...,+,75.35%,153.334
4,25-06-29,C,84.38,178.7,Citigroup,yahoo,DOGE layoffs are starting to l...,-,53.54%,-178.722
4,25-06-29,D,55.87,115.8,Dominion Energy,yahoo,DOGE layoffs are starting to l...,-,64.39%,-115.787
8,25-06-29,GOOGL,178.53,137.4,Alphabet,yahoo,Alphabet's Strong Free Cash Fl...,+,95.54%,131.301
8,25-06-29,GOOG,,,Alphabet,yahoo,Alphabet's Strong Free Cash Fl...,+,95.56%,0.0
9,25-06-29,META,733.63,55.6,Meta,yahoo,"Meta, Anthropic win legal batt...",0,91.24%,0.0
____________________
1,25-06-29,AMD,143.81,106.6,Advanced Micro Devices,yahoo,Jim Cramer Calls AMD a “Semi-M...,0,81.99%,0.0
1,25-06-29,NVDA,157.75,153.3,NVIDIA,yahoo,Jim Cramer Calls AMD a “Semi-M...,0,89.14%,0.0
2,25-06-29,MU,124.76,129.3,Micron,yahoo,Jim Cramer Notes Micron Report...,+,60.78%,78.557
5,25-06-29,FDX,228.91,58.7,FedEx,yahoo,Jim Cramer On FedEx: “We’ve Go...,0,97.73%,0.0
6,25-06-29,WFC,79.5,154.6,Wells Fargo,yahoo,Analyst Report: Wells Fargo & ...,0,97.96%,0.0
7,25-06-29,HD,,,Home Depot,yahoo,Jim Cramer on Home Depot: “We ...,0,92.28%,0.0
9,25-06-29,DHR,,,Danaher,yahoo,Jim Cramer on Danaher: “This S...,0,92.93%,0.0
____________________
1,25-06-29,HD,368.74,68.3,Home Depot,yahoo,Jim Cramer on Home Depot: “We ...,0,92.28%,0.0
3,25-06-29,NVDA,157.75,153.3,NVIDIA,yahoo,Jim Cramer Calls AMD a “Semi-M...,0,89.14%,0.0
3,25-06-29,AMD,143.81,106.6,Advanced Micro Devices,yahoo,Jim Cramer Calls AMD a “Semi-M...,0,81.99%,0.0
6,25-06-29,WFC,79.5,154.6,Wells Fargo,yahoo,Analyst Report: Wells Fargo & ...,0,97.96%,0.0
8,25-06-29,FDX,228.91,58.7,FedEx,yahoo,Jim Cramer On FedEx: “We’ve Go...,0,97.73%,0.0
9,25-06-29,NVDA,,,NVIDIA,yahoo,Jim Cramer on NVIDIA Stock: “I...,0,88.72%,0.0
9,25-06-29,T,,,AT&T,yahoo,Jim Cramer on NVIDIA Stock: “I...,0,76.05%,0.0
____________________
1,25-06-29,,,,,yahoo,Jim Cramer on DocuSign Stock: ...,-,99.68%,-0.99
2,25-06-29,,,,,yahoo,Jim Cramer Expresses Shock Ove...,-,96.98%,-0.912
3,25-06-29,,,,,yahoo,Jim Cramer Says That Amgen’s S...,-,99.59%,-0.988
4,25-06-29,,,,,yahoo,Jim Cramer Says SM Energy is “...,-,99.97%,-0.999
5,25-06-29,,,,,yahoo,Jim Cramer on Netflix: “Maybe ...,+,99.96%,0.999
6,25-06-29,,,,,yahoo,Analyst Report: Wells Fargo & ...,-,89.89%,-0.726
7,25-06-29,,,,,yahoo,Jim Cramer Calls Marvell’s Rec...,-,99.93%,-0.998
8,25-06-29,,,,,yahoo,Jim Cramer Says Applied Digita...,+,99.95%,0.998
9,25-06-29,,,,,yahoo,Jim Cramer on AST SpaceMobile:...,+,86.12%,0.639
10,25-06-29,,,,,yahoo,Jim Cramer on Danaher: “This S...,-,99.98%,-0.999
____________________
1,25-06-29,T,28.08,458.2,AT&T,yahoo,Jim Cramer on NVIDIA Stock: “I...,0,76.05%,0.0
1,25-06-29,NVDA,157.75,153.3,NVIDIA,yahoo,Jim Cramer on NVIDIA Stock: “I...,0,88.72%,0.0
2,25-06-29,,,,,yahoo,Jim Cramer on AST SpaceMobile:...,+,86.12%,0.639
3,25-06-29,,,,,yahoo,Jim Cramer Says Applied Digita...,+,99.95%,0.998
4,25-06-29,,,,,yahoo,Jim Cramer Says General Mills ...,-,99.96%,-0.999
5,25-06-29,,,,,yahoo,Jim Cramer Calls J. M. Smucker...,-,99.66%,-0.99
6,25-06-29,WFC,79.5,154.6,Wells Fargo,yahoo,Analyst Report: Wells Fargo & ...,0,97.96%,0.0
7,25-06-29,HD,368.74,68.3,Home Depot,yahoo,Jim Cramer on Home Depot: “We ...,0,92.28%,0.0
8,25-06-29,,,,,yahoo,Jim Cramer on DocuSign Stock: ...,-,99.68%,-0.99
9,25-06-29,,,,,yahoo,Jim Cramer Says Constellation ...,-,99.90%,-0.997
10,25-06-29,,,,,yahoo,Jim Cramer Expresses Shock Ove...,-,96.98%,-0.912
____________________
1,25-06-29,CRWD,499.33,39.8,CrowdStrike,yahoo,Jim Cramer Highlights CrowdStr...,+,86.64%,39.754
2,25-06-29,,,,,yahoo,Jim Cramer Notes Zscaler is Do...,+,99.98%,0.999
3,25-06-29,,,,,yahoo,Jim Cramer Notes Circle Intern...,-,98.71%,-0.962
4,25-06-29,NVDA,157.75,153.3,NVIDIA,yahoo,Jim Cramer Says That “Data Cen...,+,92.18%,141.343
5,25-06-29,,,,,yahoo,Jim Cramer on AST SpaceMobile:...,+,86.12%,0.639
6,25-06-29,WFC,79.5,154.6,Wells Fargo,yahoo,Analyst Report: Wells Fargo & ...,-,97.96%,-154.58
7,25-06-29,DOCU,76.47,102.0,DocuSign,yahoo,Jim Cramer on DocuSign Stock: ...,-,88.70%,-90.478
8,25-06-29,STZ,161.33,104.6,Constellation Brands,yahoo,Jim Cramer Says Constellation ...,-,91.21%,-95.371
9,25-06-29,,,,,yahoo,Jim Cramer Calls J. M. Smucker...,-,99.66%,-0.99
10,25-06-29,,,,,yahoo,Jim Cramer Says Applied Digita...,+,99.95%,0.998
____________________
1,25-06-29,,,,,Stifel Resumed Coverage on V2X...,-0.923
2,25-06-29,,,,,Textron Inc (TXT) Announces Ne...,0.99
3,25-06-29,,,,,Lockheed Martin (LMT) Announce...,0.998
4,25-06-29,,,,,Cantor Fitzgerald Raised the P...,-0.972
5,25-06-29,,,,,Cantor Fitzgerald Maintains an...,-0.957
6,25-06-29,WFC,79.5,154.6,Wells Fargo,Analyst Report: Wells Fargo & ...,154.58
7,25-06-29,,,,,US Housing Regulator Consideri...,-0.817
8,25-06-29,CRWD,499.33,39.8,CrowdStrike,Jim Cramer Highlights CrowdStr...,39.754
9,25-06-29,BA,214.55,82.4,Boeing,The Boeing Company (BA) Announ...,45.206
10,25-06-29,,,,,StandardAero (SARO) Announced ...,0.97
____________________
1,25-06-29,CRWD,499.33,39.8,CrowdStrike,Jim Cramer Highlights CrowdStr...,39.754,86.64%
2,25-06-29,,,,,Northrop Grumman (NOC) Signs a...,0.831,94.02%
3,25-06-29,,,,,BofA downgraded Cadre Holdings...,-0.995,99.83%
4,25-06-29,,,,,StandardAero (SARO) Announced ...,0.97,99.00%
5,25-06-29,C,84.38,178.7,Citigroup,H.C. Wainwright Reiterated a B...,178.722,59.06%
6,25-06-29,WFC,79.5,154.6,Wells Fargo,Analyst Report: Wells Fargo & ...,154.58,97.96%
7,25-06-29,,,,,Cantor Fitzgerald Maintains an...,-0.957,98.56%
8,25-06-29,,,,,Lockheed Martin (LMT) Announce...,0.998,99.93%
9,25-06-29,,,,,Vertical Aerospace (EVTL) Part...,0.891,96.24%
10,25-06-29,BA,214.55,82.4,Boeing,The Boeing Company (BA) Announ...,45.206,74.05%
____________________
1,25-06-29,BA,214.55,82.4,Boeing,The Boeing Company (BA) Announ...,0.741,45.206
2,25-06-29,C,84.38,178.7,Citigroup,H.C. Wainwright Reiterated a B...,1.0,178.722
3,25-06-29,SARO,31.63,241.3,StandardAero,StandardAero (SARO) Announced ...,0.531,67.99
4,25-06-29,LMT,458.59,34.0,Lockheed Martin,Lockheed Martin (LMT) Announce...,0.757,19.471
5,25-06-29,QQQ,548.09,93.7,Tech,EHang Holdings (EH) Announces ...,1.0,93.686
6,25-06-29,WFC,,,Wells Fargo,Analyst Report: Wells Fargo & ...,-1.0,0.0
7,25-06-29,,,,,yahoo,US Housing Regulator Consideri...,-
8,25-06-29,NOC,,,Northrop Grumman,Northrop Grumman (NOC) Signs a...,1.0,0.0
9,25-06-29,TXT,,,Textron,Textron Inc (TXT) Announces Ne...,0.79,0.0
10,25-06-29,,,,,yahoo,Cantor Fitzgerald Maintains an...,-
____________________
1,25-06-29,,,,,yahoo,GSK (GSK) Gains FDA Approval f...
2,25-06-29,,,,,yahoo,BBVA Partners with Olea to Bro...
3,25-06-29,,,,,yahoo,Deutsche Bank Raises British A...
4,25-06-29,MDT,132.0,Medtronic,Medtronic (MDT) Appoints Dr. J...,1.0,1.32
5,25-06-29,,,,,yahoo,Shell (SHEL) Advances Share Bu...
6,25-06-29,WFC,154.6,Wells Fargo,Analyst Report: Wells Fargo & ...,-1.0,-1.546
7,25-06-29,,,,,yahoo,Unilever (UL) Seeks to Divest ...
8,25-06-29,,,,,yahoo,Trane Technologies (TT) Expand...
9,25-06-29,,,,,yahoo,Banco Santander’s (SAN) US Uni...
10,25-06-29,,,,,yahoo,Novartis (NVS) Acquires Regulu...
____________________
1,25-06-29,EVTL,134.9,Vertical Aerospace,Vertical Aerospace (EVTL) Part...,1.0,1.349
2,25-06-29,NVS,53.9,Novartis,Novartis (NVS) Acquires Regulu...,1.0,0.539
3,25-06-29,UL,85.1,Unilever,Unilever (UL) Seeks to Divest ...,-1.0,-0.851
5,25-06-29,MDT,132.0,Medtronic,Medtronic (MDT) Appoints Dr. J...,1.0,1.32
6,25-06-29,WFC,154.6,Wells Fargo,Analyst Report: Wells Fargo & ...,-1.0,-1.546
8,25-06-29,WFC,,Wells Fargo,Wells Fargo Highlights Eaton (...,1.0,0.0
10,25-06-29,GSK,,GSK,GSK (GSK) Gains FDA Approval f...,0.698,0.0
____________________
1,25-06-29,TT,119.5,Trane Technologies,Trane Technologies (TT) Expand...,1.0,1.195
2,25-06-29,MDT,132.0,Medtronic,Medtronic (MDT) Appoints Dr. J...,1.0,1.32
3,25-06-29,SHEL,90.3,Shell,Shell (SHEL) Advances Share Bu...,0.79,0.713
5,25-06-29,NVS,53.9,Novartis,Novartis (NVS) Acquires Regulu...,1.0,0.539
6,25-06-29,WFC,154.6,Wells Fargo,Analyst Report: Wells Fargo & ...,-1.0,-1.546
8,25-06-29,WFC,,Wells Fargo,Wells Fargo Highlights Eaton (...,1.0,0.0
9,25-06-29,GSK,,GSK,GSK (GSK) Gains FDA Approval f...,0.698,0.0
10,25-06-29,SAN,,Banco Santander,Banco Santander’s (SAN) US Uni...,-1.0,-0.0
____________________
4,25-06-30,ORCL,97.5,Oracle,Oracle Stock Soars After New $...,0.947,0.923
6,25-06-30,HD,68.3,Home Depot,Home Depot Subsidiary to Acqui...,-1.0,-0.683
8,25-06-30,T,458.2,AT&T,Stocks Haven’t Been This Expen...,-0.788,-3.611
10,25-06-30,ORCL,97.5,Oracle,Oracle Stock Jumps As CEO Tout...,0.907,0.884
____________________
3,25-06-30,NKE,151.4,Nike,Is Nike Stock Finally Out of t...,0.54,0.818
5,25-06-30,RH,45.4,RH,Analyst Report: RH,-1.0,-0.454
6,25-06-30,DJI,,Dow,Stock Market Today: Dow Jones ...,0.941,0.0
____________________
2,25-06-30,BAC,315.7,Bank of America,Bank of America Business Advan...,0.799,2.523
3,25-06-30,DIA,60.8,Dow,Stock Market Today: Dow Jones ...,0.664,0.404
3,25-06-30,HD,68.3,Home Depot,Stock Market Today: Dow Jones ...,0.624,0.426
6,25-06-30,RH,45.4,RH,Analyst Report: RH,-1.0,-0.454
9,25-06-30,AVGO,102.8,Broadcom,Broadcom Stock Hits New High O...,0.972,0.999
____________________
1,25-06-30,,,,,,,yahoo,
2,25-06-30,,,,,,,yahoo,
3,25-06-30,,,,,,,yahoo,
4,25-06-30,,,,,,,yahoo,
5,25-06-30,,,,,,,yahoo,
6,25-06-30,,,,,,,yahoo,
7,25-06-30,,,,,,,yahoo,
8,25-06-30,,,,,,,yahoo,
9,25-06-30,,,,,,,yahoo,
10,25-06-30,,,,,,,yahoo,
____________________
9,25-06-30,GOOG,117.8,Alphabet,Alphabet's Strong Free Cash Fl...,0.0373,117.8,0.956,1.2102
9,25-06-30,GOOGL,137.4,Alphabet,Alphabet's Strong Free Cash Fl...,0.0467,137.4,0.955,1.4347
____________________
1,25-06-30,,,,,,,,
2,25-06-30,,,,,,,,
3,25-06-30,,,,,,,,
4,25-06-30,,,,,,,,
5,25-06-30,,,,,,,,
6,25-06-30,,,,,,,,
7,25-06-30,,,,,,,,
8,25-06-30,,,,,,,,
9,25-06-30,,,,,,,,
10,25-06-30,,,,,,,,
____________________
1,25-06-30,META,55.6,Meta,"Meta, Anthropic win legal batt...",0.1107,55.6,-1.0,-0.6791
2,25-06-30,,,,,,,,
3,25-06-30,,,,,,,,
4,25-06-30,,,,,,,,
5,25-06-30,,,,,,,,
6,25-06-30,,,,,,,,
7,25-06-30,,,,,,,,
8,25-06-30,,,,,,,,
9,25-06-30,GS,50.9,Goldman Sachs,Goldman Sachs Scraps Plans to ...,0.1315,50.9,-1.0,-0.6429
10,25-06-30,,,,,,,,
____________________
1,25-06-30,,,,,,,,
2,25-06-30,,,,,,,,
3,25-06-30,,,,,,,,
4,25-06-30,,,,,,,,
5,25-06-30,,,,,,,,
6,25-06-30,,,,,,,,
7,25-06-30,,,,,,,,
8,25-06-30,,,,,,,,
9,25-06-30,,,,,,,,
10,25-06-30,,,,,,,,
____________________
7,25-06-30,RVI,719.5,Rivian,1 Thing Every Rivian Investor ...,-0.1972,719.5,0.965,4.2048
9,25-06-30,RDT,,Reddit,"Reddit stock: Buy, sell, or hold?",,,1.0,
10,25-06-30,VGI,200.4,Vanguard,New Vanguard report: Americans...,0.0111,200.4,0.55,1.1267
____________________
8,25-06-30,GS,50.9,Goldman Sachs,Goldman Sachs Scraps Plans to ...,0.1315,50.9,-1.0,-0.6429
10,25-06-30,RDDT,166.7,Reddit,"Reddit stock: Buy, sell, or hold?",0.1497,166.7,1.0,2.1661
____________________
7,25-06-30,RDDT,166.7,Reddit,"Reddit stock: Buy, sell, or hold?",0.1497,166.7,1.0,2.1661
8,25-06-30,RIVN,297.6,Rivian,1 Thing Every Rivian Investor ...,-0.0018,297.6,0.942,2.7933
____________________
8,25-06-30,RDDT,166.7,Reddit,"Reddit stock: Buy, sell, or hold?",0.1497,166.7,1.0,2.1661
____________________
1,25-06-30,CHPT,"2,762.5",ChargePoint,Should You Buy ChargePoint Whi...,-0.027,"2,762.5",1.0,26.1333
2,25-06-30,BABA,101.5,Alibaba,Alibaba Is Restructuring Its E...,-0.0117,101.5,-1.0,-0.9912
8,25-06-30,GS,50.9,Goldman Sachs,Goldman Sachs Scraps Plans to ...,0.1315,50.9,-1.0,-0.6429
9,25-06-30,RDDT,166.7,Reddit,"Reddit stock: Buy, sell, or hold?",0.1497,166.7,1.0,2.1661
____________________
1,25-06-30,AAPL,122.8,Apple,iPhone 17 May Disappoint—But A...,-0.0214,122.8,-1.0,-1.1754
5,25-06-30,SO,94.9,Southern Company,Is AppLovin (APP) Outpacing It...,0.0169,94.9,-1.0,-0.9811
7,25-06-30,AMD,106.6,Advanced Micro Devices,Think It's Too Late to Buy AMD...,0.1817,106.6,0.873,1.2688
8,25-06-30,MU,129.3,Micron,Is Micron (MU) the Next Big Wi...,0.1743,129.3,0.627,1.0933
8,25-06-30,SO,94.9,Southern Company,Is Micron (MU) the Next Big Wi...,0.0169,94.9,-1.0,-0.9811
9,25-06-30,NVDA,,NVIDIA,Nvidia insiders cash out $1 bi...,,,-1.0,
____________________
1,25-06-30,AMD,Advanced Micro Devices,Think It's Too Late to Buy AMD...,1.2688
8,25-06-30,AVGO,Broadcom,Not Just Nvidia: Broadcom (AVG...,0.7213
8,25-06-30,NVDA,NVIDIA,Not Just Nvidia: Broadcom (AVG...,1.9849
10,25-06-30,AAPL,Apple,iPhone 17 May Disappoint—But A...,-1.1754
____________________
2,25-06-30,LOW,Lowe's,"Got $1,000 to Invest? Here Are...",0.4432
3,25-06-30,NVDA,NVIDIA,Nvidia insiders cash out $1 bi...,-1.8331
7,25-06-30,DELL,Dell,DELL’s AI Server Strategy Coul...,-0.8784
9,25-06-30,APP,AppLovin,Is AppLovin (APP) Outpacing It...,0.4963
10,25-06-30,AAPL,Apple,iPhone 17 May Disappoint—But A...,-1.002
____________________
1,25-06-30,DELL,Dell,DELL’s AI Server Strategy Coul...,-0.8784
2,25-06-30,PANW,Palo Alto Networks,"Revenue Estimates Dip, But Ana...",0.3992
3,25-06-30,AMD,Advanced Micro Devices,Think It's Too Late to Buy AMD...,1.0932
4,25-06-30,APP,AppLovin,Is AppLovin (APP) Outpacing It...,0.4963
5,25-06-30,MU,Micron,Is Micron (MU) the Next Big Wi...,0.6846
7,25-06-30,NVDA,NVIDIA,Not Just Nvidia: Broadcom (AVG...,
7,25-06-30,AVGO,Broadcom,Not Just Nvidia: Broadcom (AVG...,
8,25-06-30,AAPL,Apple,iPhone 17 May Disappoint—But A...,
10,25-06-30,GOOGL,Alphabet,"Sentiment Mixed, But BofA Stil...",
10,25-06-30,GOOG,Alphabet,"Sentiment Mixed, But BofA Stil...",
____________________
1,25-06-30,PANW,Palo Alto Networks,"Revenue Estimates Dip, But Ana...",0.3992
2,25-06-30,APP,AppLovin,Is AppLovin (APP) Outpacing It...,0.4963
3,25-06-30,DELL,Dell,DELL’s AI Server Strategy Coul...,-0.8784
5,25-06-30,MU,Micron,Is Micron (MU) the Next Big Wi...,0.6846
7,25-06-30,NVDA,NVIDIA,Not Just Nvidia: Broadcom (AVG...,1.8331
7,25-06-30,AVGO,Broadcom,Not Just Nvidia: Broadcom (AVG...,
8,25-06-30,AAPL,Apple,iPhone 17 May Disappoint—But A...,-1.002
9,25-06-30,GOOG,Alphabet,"Sentiment Mixed, But BofA Stil...",0.3705
9,25-06-30,GOOGL,Alphabet,"Sentiment Mixed, But BofA Stil...",0.4599
____________________
1,25-06-30,MS,Morgan Stanley,Is The Bond Market Panic Overb...,-13074.177
2,25-06-30,AMZN,Amazon,Analyst Sees Amazon’s (AMZN) ‘...,-21304.414
3,25-06-30,PANW,Palo Alto Networks,"Revenue Estimates Dip, But Ana...",8169.699
4,25-06-30,NVDA,NVIDIA,Not Just Nvidia: Broadcom (AVG...,28960.49
4,25-06-30,AVGO,Broadcom,Not Just Nvidia: Broadcom (AVG...,15812.772
5,25-06-30,MU,Micron,Is Micron (MU) the Next Big Wi...,
7,25-06-30,DELL,Dell,DELL’s AI Server Strategy Coul...,
9,25-06-30,AAPL,Apple,iPhone 17 May Disappoint—But A...,
10,25-06-30,GOOG,Alphabet,"Sentiment Mixed, But BofA Stil...",
10,25-06-30,GOOGL,Alphabet,"Sentiment Mixed, But BofA Stil...",
____________________
1,25-06-30,NVDA,NVIDIA,Not Just Nvidia: Broadcom (AVG...,28960.49
1,25-06-30,AVGO,Broadcom,Not Just Nvidia: Broadcom (AVG...,15812.772
2,25-06-30,MU,Micron,Is Micron (MU) the Next Big Wi...,8437.226
3,25-06-30,MS,Morgan Stanley,Is The Bond Market Panic Overb...,-13074.177
4,25-06-30,APP,AppLovin,Is AppLovin (APP) Outpacing It...,17375.712
5,25-06-30,AAPL,Apple,iPhone 17 May Disappoint—But A...,
7,25-06-30,PANW,Palo Alto Networks,"Revenue Estimates Dip, But Ana...",
8,25-06-30,DELL,Dell,DELL’s AI Server Strategy Coul...,
10,25-06-30,GOOG,Alphabet,"Sentiment Mixed, But BofA Stil...",
10,25-06-30,GOOGL,Alphabet,"Sentiment Mixed, But BofA Stil...",
____________________
2,25-06-30,AMZN,Amazon,Analyst Sees Amazon’s (AMZN) ‘...,-2918044733371297.0
3,25-06-30,MSFT,Microsoft,Microsoft (MSFT) Just Got a Ne...,131697803096959.34
5,25-06-30,META,Meta,META’s Latest AI Move? More Wi...,30670554976009.25
7,25-06-30,GOOGL,Alphabet,"Sentiment Mixed, But BofA Stil...",2031263086126491.0
8,25-06-30,AAPL,Apple,iPhone 17 May Disappoint—But A...,
9,25-06-30,NVDA,NVIDIA,Not Just Nvidia: Broadcom (AVG...,
____________________
2,25-06-30,AMZN,87.5,Amazon,Analyst Sees Amazon’s (AMZN) ‘...,-1.0,219.39,58887780.0,673189,-21304.414
4,25-06-30,MSFT,74.1,Microsoft,Microsoft (MSFT) Just Got a Ne...,0.505,497.41,28368991.0,382627,21874.386
5,25-06-30,META,42.7,Meta,META’s Latest AI Move? More Wi...,1.0,738.09,15402105.0,360300,38916.504
8,25-06-30,GOOG,63.4,Alphabet,"Sentiment Mixed, But BofA Stil...",0.549,177.39,43964599.0,693561,6571.97
9,25-06-30,AAPL,,Apple,iPhone 17 May Disappoint—But A...,-1.0,,,,
10,25-06-30,AVGO,,Broadcom,Not Just Nvidia: Broadcom (AVG...,0.543,,,,
____________________
3,25-06-30,AMZN,Amazon,Analyst Sees Amazon’s (AMZN) ‘...,-21304.414
4,25-06-30,MSFT,Microsoft,Microsoft (MSFT) Just Got a Ne...,21874.386
5,25-06-30,META,Meta,META’s Latest AI Move? More Wi...,38916.504
8,25-06-30,GOOG,Alphabet,"Sentiment Mixed, But BofA Stil...",6571.97
9,25-06-30,AAPL,Apple,iPhone 17 May Disappoint—But A...,
10,25-06-30,NVDA,NVIDIA,Not Just Nvidia: Broadcom (AVG...,
____________________
2,25-06-30,AMZN,Amazon,Analyst Sees Amazon’s (AMZN) ‘...,-21304.414
4,25-06-30,MSFT,Microsoft,Microsoft (MSFT) Just Got a Ne...,21874.386
5,25-06-30,META,Meta,META’s Latest AI Move? More Wi...,38916.504
8,25-06-30,GOOGL,Alphabet,"Sentiment Mixed, But BofA Stil...",8104.441
9,25-06-30,AAPL,Apple,iPhone 17 May Disappoint—But A...,
10,25-06-30,AVGO,Broadcom,Not Just Nvidia: Broadcom (AVG...,
____________________
3,25-06-30,AMZN,Amazon,Analyst Sees Amazon’s (AMZN) ‘...,-21304.414
4,25-06-30,MSFT,Microsoft,Microsoft (MSFT) Just Got a Ne...,21874.386
5,25-06-30,META,Meta,META’s Latest AI Move? More Wi...,38916.504
7,25-06-30,SPY,S&P,Rare event could derail S&P 50...,50800.378
8,25-06-30,GOOG,Alphabet,"Sentiment Mixed, But BofA Stil...",6571.97
8,25-06-30,GOOGL,Alphabet,"Sentiment Mixed, But BofA Stil...",
10,25-06-30,GOOG,Alphabet,Citi Raises Price Target on Al...,
10,25-06-30,GOOGL,Alphabet,Citi Raises Price Target on Al...,
____________________
3,25-06-30,RIVN,Rivian,Rivian Maintains Overweight Ra...,-3177.592
7,25-06-30,SPY,S&P,Rare event could derail S&P 50...,50800.378
9,25-06-30,TSLA,Tesla,TD Cowen Reaffirms Buy on Tesl...,16221.283
____________________
8,25-06-30,RIVN,Rivian,Rivian Maintains Overweight Ra...,-3177.592
9,25-06-30,TSLA,Tesla,TD Cowen Reaffirms Buy on Tesl...,16221.283
10,25-06-30,VRTX,Vertex,H.C. Wainwright Reaffirms Vert...,10970.593
10,25-06-30,C,Citigroup,H.C. Wainwright Reaffirms Vert...,14588.044
____________________
4,25-06-30,C,Citigroup,H.C. Wainwright Reaffirms Vert...,14588.044
4,25-06-30,VRTX,Vertex,H.C. Wainwright Reaffirms Vert...,
8,25-06-30,SCHW,Charles Schwab,Truist Raises Charles Schwab P...,10508.454
8,25-06-30,TFC,Truist,Truist Raises Charles Schwab P...,6115.262
____________________
1,25-07-01,SPY,S&P,BI Investor of the Month: This...,-72571.969
4,25-07-01,AMD,Advanced Micro Devices,"Advanced Micro Devices, Inc. (...",17769.683
5,25-07-01,NVDA,NVIDIA,NVIDIA Corporation (NVDA): The...,28960.49
9,25-07-01,C,Citigroup,H.C. Wainwright Reaffirms Vert...,14588.044
9,25-07-01,VERX,Vertex,H.C. Wainwright Reaffirms Vert...,2155.384
____________________
1,25-07-01,DIA,Dow,Stock Market Today: Dow Gains ...,
3,25-07-01,TSLA,Tesla,These Stocks Are Moving the Mo...,0.788621226783282
7,25-07-01,DIA,Dow,Dow Climbs 500 Points After Se...,0.788621226783282
9,25-07-01,INTU,Intuit,Intuit Launches AI Agents For ...,0.788621226783282
10,25-07-01,TSLA,Tesla,Tesla Stock Pays The Price As ...,0.788621226783282
____________________
2,25-07-01,DIA,Dow,Stock Market Today: Dow Gains ...,0.788621226783282
3,25-07-01,TSLA,Tesla,These Stocks Are Moving the Mo...,0.8309508668838068
7,25-07-01,DIA,Dow,Dow Climbs 500 Points After Se...,0.8488417592732886
9,25-07-01,INTU,Intuit,Intuit Launches AI Agents For ...,-0.9159582107071653
10,25-07-01,NVDA,NVIDIA,Nvidia Stock Drops. Why Its 7-...,-0.8794365186379942
____________________
10,25-07-01,SPOT,Spotify,Training Guide – How to Spot C...,0.8395331253518405
____________________
10,25-07-01,SPOT,Spotify,Training Guide – How to Spot C...,0.8395331253518405
____________________
2,25-07-01,GLD,Gold,Gold Stock Seeks To Extend Sup...,0.8460287710345331
3,25-07-01,AXP,Amex,Amex Business Platinum vs. Ame...,-0.8216729975200527
____________________
2,25-07-01,GLD,Gold,Gold Stock Seeks To Extend Sup...,0.8460287710345331
3,25-07-01,AXP,Amex,Amex Business Platinum vs. Ame...,-0.8216729975200527
5,25-07-01,STM,STMicroelectronics,STMicroelectronics Stock Sees ...,-0.3712464261420677
____________________
2,25-07-01,GLD,Gold,Gold Stock Seeks To Extend Sup...,0.8460287710345331
3,25-07-01,AXP,Amex,Amex Business Platinum vs. Ame...,-0.8216729975200527
5,25-07-01,STM,STMicroelectronics,STMicroelectronics Stock Sees ...,-0.3712464261420677
6,25-07-01,PLTR,Palantir,Is Palantir Technologies a Buy?,0.7884484501930142
____________________
1,25-07-01,STM,STMicroelectronics,STMicroelectronics Stock Sees ...,-0.3712464261420677
2,25-07-01,NVDA,NVIDIA,Dow Jones AI Giant Nvidia Stoc...,0.8816815050089994
2,25-07-01,DIA,Dow,Dow Jones AI Giant Nvidia Stoc...,0.8331253033586314
5,25-07-01,GLD,Gold,Gold Stock Seeks To Extend Sup...,0.8460287710345331
6,25-07-01,AXP,Amex,Amex Business Platinum vs. Ame...,-0.8216729975200527
8,25-07-01,PLTR,Palantir,Is Palantir Technologies a Buy?,0.0
____________________
1,25-07-01,REGN,Regeneron,Heart Drug Stock Rockets 20% O...,0.6562254872032809
3,25-07-01,NVDA,NVIDIA,Dow Jones AI Giant Nvidia Stoc...,0.8816815050089994
6,25-07-01,GLD,Gold,Gold Stock Seeks To Extend Sup...,0.8460287710345331
7,25-07-01,AXP,Amex,Amex Business Platinum vs. Ame...,-0.8216729975200527
9,25-07-01,STM,STMicroelectronics,STMicroelectronics Stock Sees ...,-0.3712464261420677
____________________
3,25-07-01,PEP,PepsiCo,What to Expect From PepsiCo’s ...,-0.6024196179847303
5,25-07-01,NFLX,Netflix,Netflix's Quarterly Earnings P...,0.9297566012737843
7,25-07-01,UNH,UnitedHealth,UnitedHealth changes leadershi...,0.7500741629851921
____________________
9,25-07-01,CTAS,Cintas,What You Need to Know Ahead of...,0.6733659406078951
____________________
2,25-07-01,RF,Regions Financial,Regions Financial's Quarterly ...,0.4234295448167559
4,25-07-01,TFC,Truist,Earnings Preview: What to Expe...,-0.40116408482486876
10,25-07-01,CTAS,Cintas,What You Need to Know Ahead of...,0.6733659406078951
____________________
1,25-07-02,JPM,JPMorgan,These Stocks Are Moving the Mo...,0.8409803937558902
1,25-07-02,TSLA,Tesla,These Stocks Are Moving the Mo...,0.777655185702991
1,25-07-02,AAPL,Apple,These Stocks Are Moving the Mo...,0.7899952618135293
1,25-07-02,ADBE,Adobe,These Stocks Are Moving the Mo...,0.7364575750796232
3,25-07-02,TSLA,Tesla,Stock Market Today: Indexes Di...,-0.7776551857029907
6,25-07-02,TSLA,Tesla,Tesla Stock Responds After EV ...,0.0
9,25-07-02,C,Citigroup,SS&C Technologies Holdings (SS...,0.0
____________________
1,25-07-02,TSLA,Tesla,Stock Market Today: Indexes Di...,-0.7784014073296059
2,25-07-02,TSLA,Tesla,Tesla Stock Responds After EV ...,0.6221655663654855
3,25-07-02,NKE,Nike,"Nike upgraded, Sportradar init...",0.40679201401208465
5,25-07-02,AAPL,Apple,These Stocks Are Moving the Mo...,0.7891381910137771
5,25-07-02,TSLA,Tesla,These Stocks Are Moving the Mo...,0.7784014073296059
5,25-07-02,ADBE,Adobe,These Stocks Are Moving the Mo...,0.0
5,25-07-02,JPM,JPMorgan,These Stocks Are Moving the Mo...,0.0
7,25-07-02,MU,Micron,Why Micron Technology Rallied ...,0.0
8,25-07-02,TSLA,Tesla,Tesla Stock Up Big After Posti...,0.0
____________________
1,25-07-02,GS,Goldman Sachs,Goldman Sachs Alternatives agr...,0.9051109359272573
6,25-07-02,DJT,Trump,Stock Market Today: Dow Jones ...,0.10065279011332484
____________________
1,25-07-02,NVDA,NVIDIA,"Palantir, Tesla, And Nvidia Re...",0.8126658303976737
1,25-07-02,TSLA,Tesla,"Palantir, Tesla, And Nvidia Re...",0.7007773592368185
1,25-07-02,PLTR,Palantir,"Palantir, Tesla, And Nvidia Re...",0.5191267653225022
2,25-07-02,AVGO,Broadcom,Broadcom Stock Called 'Top Pic...,0.7889660969343522
6,25-07-02,AMD,Advanced Micro Devices,AMD Beats Nvidia in 1-Month Ga...,0.7311197040946797
6,25-07-02,NVDA,NVIDIA,AMD Beats Nvidia in 1-Month Ga...,0.0
10,25-07-02,V,Visa,Prime Visa card review: Great ...,0.0
10,25-07-02,AMZN,Amazon,Prime Visa card review: Great ...,0.0
____________________
1,25-07-02,TSLA,Tesla,"Palantir, Tesla, And Nvidia Re...",0.7007773592368185
1,25-07-02,NVDA,NVIDIA,"Palantir, Tesla, And Nvidia Re...",0.8126658303976737
1,25-07-02,PLTR,Palantir,"Palantir, Tesla, And Nvidia Re...",0.5191267653225022
2,25-07-02,AVGO,Broadcom,Broadcom Stock Called 'Top Pic...,0.7889660969343522
3,25-07-02,RCL,Royal Caribbean,Royal Caribbean Climbs To Reco...,0.7833376830216094
4,25-07-02,CNC,Centene Corporation,Analyst Report: Centene Corpor...,0.0
6,25-07-02,NVDA,NVIDIA,AMD Beats Nvidia in 1-Month Ga...,0.0
6,25-07-02,AMD,Advanced Micro Devices,AMD Beats Nvidia in 1-Month Ga...,0.0
10,25-07-02,V,Visa,Prime Visa card review: Great ...,0.0
10,25-07-02,AMZN,Amazon,Prime Visa card review: Great ...,0.0
____________________
1,25-07-02,SPY,S&P,1 No-Brainer S&P 500 Vanguard ...,0.9486174406300578
4,25-07-02,NVDA,NVIDIA,Nvidia Could Be Days Away From...,-0.8476365712773473
____________________
3,25-07-03,GOOGL,Alphabet,Citizens JMP Upgrades Alphabet...,0.70134138278854
3,25-07-03,GOOG,Alphabet,Citizens JMP Upgrades Alphabet...,0.6582169706252634
4,25-07-03,NVDA,NVIDIA,NVIDIA Acquires CentML to Boos...,0.8211578039363518
5,25-07-03,META,Meta,Meta Named Top Large-Cap Pick ...,0.8393241416285
8,25-07-03,AMZN,Amazon,JPMorgan Sees Growing Prime Va...,0.768789057965976
8,25-07-03,JPM,JPMorgan,JPMorgan Sees Growing Prime Va...,0.0
9,25-07-03,UL,Unilever,Unilever Buys Dr. Squatch for ...,0.0
10,25-07-03,GIS,General Mills,General Mills Upgraded by RBC ...,0.4184772250278872
____________________
2,25-07-03,NVDA,NVIDIA,NVIDIA Acquires CentML to Boos...,0.8211578039363518
3,25-07-03,GOOGL,Alphabet,Citizens JMP Upgrades Alphabet...,0.70134138278854
3,25-07-03,GOOG,Alphabet,Citizens JMP Upgrades Alphabet...,0.6582169706252634
4,25-07-03,META,Meta,Meta Named Top Large-Cap Pick ...,0.8393241416285
7,25-07-03,AMZN,Amazon,JPMorgan Sees Growing Prime Va...,0.768789057965976
7,25-07-03,JPM,JPMorgan,JPMorgan Sees Growing Prime Va...,0.0
8,25-07-03,UL,Unilever,Unilever Buys Dr. Squatch for ...,0.0
9,25-07-03,GIS,General Mills,General Mills Upgraded by RBC ...,0.0
____________________
2,25-07-03,BTC,Bitcoin,CleanSpark (CLSK) Solidifies S...,0.0
2,25-07-03,SPOT,Spotify,CleanSpark (CLSK) Solidifies S...,0.0
4,25-07-03,GLD,Gold,Is AngloGold (AU) the Next Big...,0.0
____________________
3,25-07-03,D,Dominion Energy,Grant Cardone says owning a ho...,0.0
4,25-07-03,SPOT,Spotify,CleanSpark (CLSK) Solidifies S...,0.0
4,25-07-03,CLSK,CleanSpark,CleanSpark (CLSK) Solidifies S...,0.0
4,25-07-03,BTC,Bitcoin,CleanSpark (CLSK) Solidifies S...,0.0
5,25-07-03,SAH,Sonic Automotive,BofA Sees Long-Term Upside in ...,0.23871726478927746
7,25-07-03,GLD,Gold,Is AngloGold (AU) the Next Big...,0.0
____________________
2,25-07-03,NVDA,NVIDIA,Stock Market Today: Dow Jones ...,0.0
2,25-07-03,PLTR,Palantir,Stock Market Today: Dow Jones ...,0.0
3,25-07-03,D,Dominion Energy,Grant Cardone says owning a ho...,0.0
3,25-07-03,A,Amentum,Grant Cardone says owning a ho...,0.0
6,25-07-03,CLSK,CleanSpark,CleanSpark (CLSK) Solidifies S...,0.0
6,25-07-03,BTC,Bitcoin,CleanSpark (CLSK) Solidifies S...,0.0
7,25-07-03,SAH,Sonic Automotive,BofA Sees Long-Term Upside in ...,0.0
8,25-07-03,GLD,Gold,Is AngloGold (AU) the Next Big...,0.0
____________________
2,25-07-03,DJT,Trump,Market Rally Back On as Trump ...,0.0
3,25-07-03,LOW,Lowe's,"Why Vanguard, Champion of Low-...",0.0
4,25-07-03,NVDA,NVIDIA,Spot Outliers Like AI Giant NV...,0.0
5,25-07-03,EQT,EQT,EQT Corporation’s Quarterly Ea...,0.0
8,25-07-03,AVGO,Broadcom,Spot Outliers Like AI Star Bro...,0.0
9,25-07-03,DJT,Trump,"Bitcoin, MicroStrategy and Coi...",0.0
9,25-07-03,BTC,Bitcoin,"Bitcoin, MicroStrategy and Coi...",0.0
____________________
2,25-07-03,DJT,Trump,Market Rally Back On as Trump ...,0.0
3,25-07-03,LOW,Lowe's,"Why Vanguard, Champion of Low-...",0.0
4,25-07-03,NVDA,NVIDIA,Spot Outliers Like AI Giant NV...,0.0
5,25-07-03,AVGO,Broadcom,Spot Outliers Like AI Star Bro...,0.0
8,25-07-03,EQT,EQT,EQT Corporation’s Quarterly Ea...,0.0
10,25-07-03,DJT,Trump,"Bitcoin, MicroStrategy and Coi...",0.0
10,25-07-03,BTC,Bitcoin,"Bitcoin, MicroStrategy and Coi...",0.0
____________________
1,25-07-03,META,Meta,Apple and Meta are proving it:...,0.0
1,25-07-03,AAPL,Apple,Apple and Meta are proving it:...,0.0
2,25-07-03,NVDA,NVIDIA,Spot Outliers Like AI Giant NV...,0.0
3,25-07-03,DJT,Trump,Market Rally Back On as Trump ...,0.0
4,25-07-03,AVGO,Broadcom,Spot Outliers Like AI Star Bro...,0.0
5,25-07-03,EQT,EQT,EQT Corporation’s Quarterly Ea...,0.0
8,25-07-03,BTC,Bitcoin,"Bitcoin, MicroStrategy and Coi...",0.0
8,25-07-03,DJT,Trump,"Bitcoin, MicroStrategy and Coi...",0.0
____________________
2,25-07-04,TSLA,Tesla,"Dow Jones Futures Fall, U.S. M...",-0.7366967838561694
9,25-07-04,MA,Mastercard,Analyst Report: Mastercard Inc...,-0.8405696613476086
10,25-07-04,LOW,Lowe's,A Couple Share How They Went F...,-0.43700979781164473
10,25-07-04,A,Amentum,A Couple Share How They Went F...,0.4534873907497208
____________________
3,25-07-21,NFLX,Netflix,Netflix Is Running Out of Worl...,-0.897693854657988
7,25-07-21,A,Amentum,How to Make a 3.0% One-Month Y...,-0.4022929371336187
8,25-07-21,NVDA,NVIDIA,Ditch ‘Basic’ Nvidia and Buy T...,0.8625505115958669
10,25-07-21,A,Amentum,Warren Buffett ‘Welcomes Lower...,0.37300187921014594
____________________
1,25-07-21,MRK,Merck,Does This Move Make Merck Stoc...,0.5393788777095447
5,25-07-21,NFLX,Netflix,Netflix Is Running Out of Worl...,-0.897693854657988
7,25-07-21,DJT,Trump,3 Ways Trump’s ‘Big Beautiful ...,-0.09499151839731934
7,25-07-21,TSLA,Tesla,3 Ways Trump’s ‘Big Beautiful ...,-0.6996453310941833
9,25-07-21,NVDA,NVIDIA,Ditch ‘Basic’ Nvidia and Buy T...,0.8625505115958669
____________________
1,25-07-21,DJT,Trump,3 Ways Trump’s ‘Big Beautiful ...,-0.592,0.17724269676607296
1,25-07-21,TSLA,Tesla,3 Ways Trump’s ‘Big Beautiful ...,-0.492,0.9926157606139283
7,25-07-21,MRK,Merck,Does This Move Make Merck Stoc...,1.0,0.6200562812818609
9,25-07-21,NFLX,Netflix,Netflix Is Running Out of Worl...,-0.974,0.9982098225206864
10,25-07-21,NVDA,NVIDIA,Ditch ‘Basic’ Nvidia and Buy T...,0.934,0.9881304817184096
____________________
5,26-01-01,TSLA,Tesla,Tesla Ratio Spread Targets A P...,1.0,0.0
6,26-01-01,BABA,Alibaba,Analyst Report: Alibaba Group ...,-1.0,0.0
7,26-01-01,PLTR,Palantir,Palantir Technologies (NASDAQ:...,-1.0,0.0
7,26-01-01,QQQ,Nasdaq,Palantir Technologies (NASDAQ:...,-1.0,0.0
